AUTHOR_ID,AUTHOR
1,margarida-44311
2,joemay-2
3,nebk
4,kuarinofu
5,Horror_Flick_Fanatic
6,NickyDee07938
7,Novelwolf
8,mbnn
9,phobicsq
10,rotini-52586
11,ops-52535
12,seventhriotontheship
13,hossamahmed-30148
14,divealanya
15,twinmom-10035
16,paul_haakonsen
17,gsyfrafjrp
18,ryanlion-38514
19,kaefab
20,katiha
21,benjamin-ensor
22,PennywiseFA
23,JoelChamp85
24,agnethagillbanks20
25,imcaufieldholt
26,lukemurray-40846
27,pjkaustin
28,jkingliz
29,nogodnomasters
30,Lythas_85
31,irlmchan
32,omendata
33,ant36au
34,hockeyguy9119
35,neil-60137
36,Draysan-Jennings
37,whitemanfromtowne
38,richardcarlsen-69748
39,bmasterson-96598
40,umnolol
41,paul-ayres-60784
42,greenhouse3505
43,coryh-30073
44,yvesdemaria
45,heliparts
46,vengeance20
47,vassiliskounelis
48,andynicko
49,Instant_Palmer
50,Xstal
51,mariannelisabeth
52,Top_Dawg_Critic
53,calsols
54,heratyplant
55,handycapt1
56,simon-1233
57,alexcook-47914
58,bou3zizi
59,aronisland
60,ancientlight
61,Go_For_The_Jugular
62,taz103
63,abdullahgokcekesgin
64,Mohamad021
65,svandamme
66,sameershettyrules
67,Neptune165
68,popsticles-56820
69,daisukereds
70,kenzibit
71,olegmaluhin
72,charlietiberioj
73,dharmashantilove
74,Bartlomiej_Lichwala
75,jdticktalk
76,jdpaula
77,darth-moose72
78,obrechtandreas
79,searchanddestroy-1
80,xaleader
81,rockon15
82,jeroduptown
83,gargoylegasc
84,educallejero
85,jakethesnake-42007
86,diggnuts
87,gab-67599
88,SnoopyStyle
89,htavasoglu
90,impressivesgirl-37857
91,davidekojames
92,xiaohei-80112
93,collectorofsorts
94,abisio
95,jacob_leighh
96,craigjknight
97,babatundeofficial
98,Gioia221
99,jindann
100,aewwwe-32243
101,teddymarshall
102,silicontourist
103,amir_alam-02994
104,oscarflash
105,itsbobr
106,omar-49913
107,westsideschl
108,ma-87959
109,khumza-80328
110,kicsi-ally
111,madhushanudeshike
112,yankeedoo
113,joeydenbroeder
114,joscon-16616
115,Isaiah2021
116,tccandler
117,penofinspiratin
118,Bone3011
119,miroslavmilosevic-22770
120,erik-29-381626
121,deepkumar-spider
122,ioneebrijanareid
123,t-feier
124,krbodkin
125,jonihaipus
126,harrymchall
127,rustamlinabi
128,mitchellkendrickwhite
129,tackstactical
130,leewelton-81877
131,aerie124
132,amw-30184
133,pizzadudes
134,nadiaafreendiba
135,dcj2
136,m-ph-ghasemi
137,lukerlemieux
138,stevebondi
139,ctimmons-20908
140,RavingJinn
141,rjdurante
142,jaymakak
143,mhorg2018
144,gy-att
145,max_111
146,jesmondcyk
147,mihaimazilu-61749
148,justjakenit81
149,merzibdominic
150,dionnysuz
151,mck-20739
152,darius_sutherland
153,d_bellew
154,piersdelcoreparker
155,craier_boy_lif3
156,packie-93251
157,tanyatzatmary
158,rahulsharma-95586
159,kernsydc
160,zone_braker
161,fdthvuns
162,Elba80
163,varun-ismu
164,psheth75
165,orangehenryviii
166,sr-w
167,rawcasedestiny-724-601899
168,Farz6
169,lawliet_luke
170,dangerous-person
171,Golden_Hope
172,masonsaul
173,aaronshowland
174,RoryIrish
175,markwoolley-64442
176,dancehardordie
177,rthdesantis
178,rocketwoods
179,nprj-44246
180,kxxxxxx
181,simonb-667-548936
182,chrisk0
183,leahworkneh
184,jacquelinesandra
185,colonnesel
186,taylorleach
187,webwizardbe
188,babilichpavel
189,finneypollard
190,kevinanselmwsc
191,LanaCassi
192,debbiekc
193,lotekguy-1
194,sxsxndnf
195,sydnee_man
196,enchanteddaisy
197,suzidap
198,jackietomago
199,julio-42075
200,frankie-08908
201,neil-43355
202,DebraIonaVogel
203,carlg-20179
204,sodiumtt
205,dtrani
206,goonerchris-161-428318
207,mhehvdmr
208,rebeccagraywithana
209,Saltafilm2804
210,richpalmer
211,ns26
212,tk-dj
213,tandeki
214,tjmajor
215,josephinecallander
216,alex-mott
217,rolytnz
218,archangelmatrix
219,Exiled_Jedi
220,fishnpeas
221,Jim_Screechy
222,ThomDerd
223,jayson12524
224,gatozangado
225,theedeer
226,staunton-gary
227,danielcereto
228,DragonFodder185
229,Mah_Jam
230,levihammersberg-70197
231,otnememento-2
232,tjasnow
233,maidwell-45616
234,Radio-1s_Mr-MovieMad-Ami_104-1FM
235,Clive_W
236,LmH82
237,siderite
238,flakwagen
239,gridoon
240,Mulliga
241,tiomkin
242,pguzzo
243,theemaster
244,FiendishDramaturgy
245,gregc
246,dhousman-349-732822
247,gr8t92play_1
248,MrcnBty
249,andressolf
250,secragt
251,SMS_Emden
252,gsanders1-1
253,Son_of_Mansfield
254,axlrhodes
255,claudio_carvalho
256,Aaron1375
257,timmy_501
258,13Funbags
259,januszlvii
260,wratBastard
261,lambiepie-2
262,mrbeankc
263,craig.duncan
264,jellopuke
265,Imdbidia
266,JamesHitchcock
267,bowmanblue
268,Hey_Sweden
269,FlashCallahan
270,BA_Harrison
271,peterpants66
272,brainpuddle
273,KADC
274,cozmo-8
275,arthursranch
276,Woodyanders
277,Shaithis
278,djfrost-46786
279,floridatow
280,fntstcplnt
281,veetir-71214
282,halem-193
283,lougheed1976
284,les-hargrow
285,marymcfarland-01866
286,Linda1973
287,james-in-70210
288,jamie-hussein-to
289,janisman
290,kmckienz
291,debellum
292,doug-33267
293,custar55
294,mosurataksaichan
295,yaplex
296,breadgunner-94454
297,osrbill
298,garrettbaroni
299,ray-68402
300,fishybowl
301,Smartfox32
302,mikeadams-87293
303,MuratH20232
304,ducativiper
305,wjxmjwn
306,drenglish
307,wesleyt-20639
308,randyfabiano
309,therealpeterchambers
310,jonreastwood
311,baumer
312,michealchristou
313,nikmcrae
314,bhh-31955
315,starksjason
316,andil-houlder
317,hecklerandjokmm
318,kylehawthorn
319,fvnurp
320,CINEMAS32345
321,CriticsVoiceVideo
322,jacekkowalczyk
323,superdave1225-1
324,letande
325,barrystoddart
326,airborne_trooper
327,shaynezbritt
328,comedy-brian
329,GuidoWithoutu
330,TheFearmakers
331,AndrewLianBellerby
332,areyofsunshine-10199
333,dtnmusic
334,kaijaronson
335,deanbeckton
336,gous21
337,Shire_Folk
338,verbal-ken
339,jchristo-35761
340,t-ktinney
341,teolupu-65954
342,umadrfjnr
343,purviseddie
344,mbahar-37321
345,sam-carter180
346,statuskuo
347,flicklover
348,hassanmha-75894
349,lectra-43947
350,jscottmoss
351,aliromario
352,plottingaway-20402
353,jwjtn
354,SimonEricAlexius
355,corpse_man
356,greg_loizou
357,tony-561-931314
358,jack-15394
359,dfywubu
360,theofilossalonica
361,mike-c-b
362,pantosjimmy
363,melias-51440
364,godfatherglen
365,jam-72884
366,frankmcardle
367,bridgetj1103
368,robertolmartinezl
369,seratt-50460
370,melvynsibson-48083
371,sdotjean
372,movieswithme
373,e-lisboa
374,ashikjohn2010
375,crisafi_tony
376,waltermwilliams
377,skeletornumber70
378,wishiwasdana
379,elwynchofmann
380,tm-sheehan
381,gabethedinosaur
382,redaste97
383,msbreviews
384,HabibieHakim123
385,adamstommy
386,captainlangley
387,reviews4musicals
388,wendydyke
389,lorickignacio
390,a-81386
391,yanezteam-03197
392,lynn-84
393,chvlades
394,sherrydelreysignup
395,yanayan32
396,sassyaminakaram
397,cricketbat
398,garethvk
399,skpc9
400,courtneykcannon
401,atractiveeyes
402,sergnd
403,al_tirador
404,smoesman
405,DallahOG
406,ks-60500
407,Dash99
408,varun-25071997
409,jonasatmosfera
410,aslanatik
411,HereGoHellCome
412,leanne-gpool
413,stewart-01051
414,jwndgh
415,JICNZ
416,ferguson-6
417,madmaywebdesign
418,A_Different_Drummer
419,talalbazzal-25953
420,groundworkd
421,michelle_kummer
422,markvanwasbeek
423,hkerkhofs
424,davidvertelman
425,gingerglamerlas
426,dmr140
427,jophetroot
428,halcyonbear
429,refafz
430,somf
431,alfieosullivan
432,jga999
433,kortekaasjoshua
434,gpxdlr
435,robinbergman-36747
436,jeff-2051
437,adam-67359
438,mikko-kurppa
439,jorisdehaas
440,albertval-69560
441,marcvand
442,svl-99543
443,robertmollink
444,drerik-895-246754
445,hunterfarrell-23814
446,arungeorge13
447,tokkie235
448,djsirrocosunriseltd
449,ruben-871-809528
450,johnseegers
451,birjubhatt
452,m-ramanan
453,christopherlang-79872
454,dwp1948
455,Nemesis42
456,bjorncouwenberg81
457,tjardgul
458,lucretius-sa
459,jelteg
460,Noviomagum
461,Maafushi
462,chad_muskater
463,LaCroatino
464,macub8
465,info-7752
466,fheidweiller
467,khakiaunt
468,lucienm-60321
469,j-huijsse
470,enjozsef
471,erinkimie
472,sandydee-44404
473,lingeringdreamer
474,aquamoon1
475,pattonroxanne
476,dominguezerin
477,leerevell-69549
478,REXNE
479,reichert-medien
480,lynndlee
481,IonicBreezeMachine
482,fatfackface
483,myramae-marquez
484,chazsmith-01093
485,leemeldrum
486,kwenchow
487,foster-dickson
488,delzog
489,brandonjamessmith-04128
490,samsmiler-91682
491,dannyjobee
492,blessedbe_faerie666
493,jpower-00653
494,tifua-47351
495,chunkylefunga
496,tobevici
497,martimusross
498,CLINT_SAWYER_6
499,incytrev
500,fabricedegea
501,lakings97
502,salmanwill
503,aydfdg
504,danceloverhimanshu
505,sparkusno
506,rajanand-95859
507,colleenimmg
508,rehmankhilji
509,brian-26194
510,faer_kr
511,Movi3DO
512,digitsdigits
513,clarkjessica-16395
514,mauriciofernandogerhardt
515,falconaviat
516,stan_gee
517,funextraterrestrial
518,vergeofchaos-60-49100
519,comlexcr
520,tyko-runeberg
521,antonm-67208
522,tarapov-92-654064
523,jreagan-42424
524,snoopytugb
525,jeffarenzana
526,halllori-44742
527,brockmbunting
528,Reviewsnaps
529,sherrymo7
530,RichardBJ-1
531,donnodcassandra-41099
532,tmalliaros
533,rdamian1963
534,alexsmith1985
535,iamshawnieb
536,woffle-04543
537,davemerino
538,btreakle
539,aji_gps
540,brianna-8
541,mulroyrn
542,brandoncarter-61078
543,siddeshamonkar
544,country_71
545,jtcaron-73363
546,Kaygee906
547,theo-howard
548,mvdlyke
549,tjtellado
550,marilynasaad
551,antheadawson
552,damnedadamo
553,snadertje
554,sxk-06763
555,stork-uk
556,mailtaskservice
557,emirfithri-12517
558,nestavb
559,mmlee-23294
560,rannynm
561,ninatadeja
562,jaysonzwezereijn
563,davidiskow
564,stef-58059
565,Foutainoflife
566,ryleilove
567,jdorego
568,conoreid
569,damyanov-37795
570,jennfinn
571,mja58
572,chrisquirk-09004
573,Stasjs
574,svader
575,pmtelefon
576,hansbuiskool
577,lincoln-scofild
578,sophimatar-81901
579,scottyhotty2002
580,zsammy-11675
581,Ed-Shullivan
582,anushkalovell
583,tocanepauli
584,Drogan-Hex
585,Edvis-1997
586,l_lofto
587,destinyres
588,johnnyjbarr
589,alicheaito
590,abortamir
591,i_lalindra
592,sisseranzau
593,onlinevirtual
594,misslovellx
595,jackgdemoss
596,ksan-61235
597,marbenmarben
598,nurulhussain_marx
599,icemaciop
600,mnicasio-57865
601,burlesonjesse5
602,nafiul_shambir_007
603,bice-73918
604,somedaynevercame
605,michaelmramirez
606,cblachly
607,BritneyPWrites
608,muscillopanella1622
609,rsriggs-79472
610,brycetulloch-13604
611,movieliker1
612,alfredsmith
613,fredericktanjaya
614,movieexpert77
615,paul-86810
616,ratpackaustin
617,XXXMoonbabyXXX
618,chalithafreeze
619,mikebellman-497-799488
620,jaapeelman
621,MrDHWong
622,dev-49509
623,mahmoodsaqib
624,javiercba
625,ppepio
626,dr-cheyno
627,garciaok-17450
628,dasa108
629,davidwjackson
630,kelvin_j_roberts
631,tarynabryant
632,jp_91
633,davidmalaimo
634,jacobmhelberg
635,lillysilva-97518
636,Dan_Perazzo
637,kyleherbertz
638,cdcrb
639,chrisreichertpr
640,lafebre-80307
641,chrisjeter-18027
642,nickrmaio
643,andrewmansker
644,officialsierra-19439
645,mattwoolfrey
646,zamboni-36633
647,tommyonbike
648,stevendbeard
649,seejackrunguitar-41487
650,baybaganz
651,xbxfrk
652,acrona-16038
653,nathanramirez21
654,WankerReviews
655,jmagazzu
656,rgkarim
657,VolYotenbane
658,ixla
659,Tsull73-503-253468
660,amberapple-13224
661,dnathanr1111
662,andycapp-63845
663,mjanelle-24974
664,stephrory
665,tservo-38280
666,sweidman-28016
667,HorrorFreak1997
668,amorosoika
669,annmcorpuz
670,karlapolanco14
671,mensurmujic
672,ktulu20
673,jasz-90338
674,david_rudy_lee
675,rfan-66633
676,bdpeterson-06310
677,eckler-74570
678,ricky_dry_county
679,terrencepatrix
680,steveo7777
681,Sjepii
682,cahidi
683,setter-imdb
684,hamptonave
685,shawthingproductions
686,Otkon
687,manuelasaez
688,kevin_robbins
689,zombie84-1
690,sprkyg
691,brooke-140
692,slyvrr
693,philiprooke
694,necromancer-mcgill
695,whiteannaa
696,frankblack-79961
697,parkerbcn
698,shibuyaku109
699,davidjay
700,hugofitch1
701,andrewturner76
702,craigdales
703,turbo-charged-56228
704,Lord_Parmenion
705,publicemaildump
706,js-66130
707,budyll
708,Gruckel-1
709,ToeCutterZero
710,sindre-v
711,njuguth
712,lbsa71
713,jeff-1571
714,namstonk
715,deedee_2000-985-341635
716,themirsinho
717,Jmon27
718,JorritM
719,kelvynchin
720,neonmaus
721,neil-43754
722,foxypoo
723,mdyble
724,calvinc1203
725,RinoBortone91
726,ellagilbert-23101
727,cliftonofun
728,ronakkotian
729,tylertoth-71980
730,Kdosda_Hegen
731,fdeveaux11
732,devojonesy1977
733,killerqueen-70395
734,celcruz
735,cconnolly-35802
736,jamdub-61934
737,bheydam
738,ratiocinator
739,eldreddsouza
740,syholl
741,denise-99445
742,lukeroberts-58007
743,Fella_shibby
744,PennyForMyThoughts
745,kaljic
746,IceQueen99
747,Thecritic8282
748,xavierwhite-67503
749,mrodowd
750,wolfie-23088
751,severindringel
752,aaageorge
753,cardsrock
754,dogonlion
755,krithikmitta
756,philthegreatone-786-63058
757,ethan-09114
758,rodswain
759,petera00
760,ariyadsust
761,chriscarlisle25
762,XhoXhuXhamen
763,Jqkilla9
764,view_and_review
765,nyxstrix
766,SleepingMorpheus
767,meneimoh
768,kevy-17126
769,ongabedrive
770,jesicadeste
771,michaelvarley
772,cvalley-31414
773,stevecoley-39592
774,questl-18592
775,li0904426
776,leonidasstathopoulos
777,kmontgomery-98515
778,mcleaver-41776
779,jadepietro
780,Jo_Blo_Movie_Critic
781,beeryusa
782,oscaralbert
783,postie-68508
784,mrlami
785,kennyk00
786,fahadmaxamed
787,roberthr
788,mercyxo
789,tayloroverstreeta
790,TaylorYee94
791,nicorip22
792,anoceanroars
793,ShanXZ
794,ariqakbar
795,lee_eisenberg
796,hunter-friesen
797,rklemm05
798,blott2319-1
799,markhinmanhome
800,JustaReplicant
801,alistairpmcduffie47
802,surfs_up_55
803,jillmoviefan
804,rossrowe
805,kellineche
806,jasmeet-63233
807,lacatusalexandru
808,lkgleeson
809,m_deveaux
810,cornerofspace
811,nouyrigatantoine
812,omarcantbestopped
813,fciocca
814,Mic-collins61
815,Anurag-Shetty
816,vfriday-25287
817,lukasfornander
818,joey_k-74060
819,landonvb
820,williamguilfoyle
821,seljokull
822,Thanos_Alfie
823,creator301
824,timeblank
825,cruise01
826,sls-24925
827,elicopperman
828,fraggle-34899
829,arabnikita
830,MOscarbradley
831,wmnatzakanian
832,mr_bickle_the_pickle
833,magsmovies
834,Kikijeanne
835,salmamahfouz
836,dashtag1234
837,Jeremy_Urquhart
838,lucalorenzo14
839,tbunker-88294
840,nenwooh
841,jmalby
842,mercantileluigi
843,jasminect
844,atianaasimmons22
845,lenawal
846,kaymoore-48703
847,chrispedley-34371
848,Samuel-18
849,amber_edgar
850,robynjanecahill
851,Saoustou88
852,ambergreene-28240
853,joshfanguy
854,thenerdygamer
855,Calicodreamin
856,Alexander_Blanchett
857,kapanennpate
858,trinaboice
859,Lizb-05480
860,migueloyler
861,jecka-jelena-ns
862,chahal16
863,donvences
864,musicturnzmeon
865,sonicvoodoo
866,Queenie04
867,irentovmasyan
868,EponymousMeliora
869,glentivlashi
870,steph-388
871,etoyamber
872,chrisdannie
873,SandyAren
874,ardantimer
875,pinkpanta
876,Moviemaniac820
877,gsahiexchelt
878,RJBrez
879,kiwipeachtastymix
880,neesahanthony
881,andreaglennon
882,jacobfrancis3108-210-34254
883,cnifwid
884,kcskoul
885,augustrose-64273
886,dtwinklesemail
887,OhDavidMyCaptain
888,onurmems
889,yildirimmuge
890,therightjon
891,julia-d-dimitrova
892,e-elyze
893,MattD12027
894,fact-fiction-bvba
895,richard-1787
896,chrissyhumphreys
897,gpapakyprianos
898,andreascaloni
899,stephenstephenbyrne
900,Techniques
901,bennisanas
902,cooldwijen
903,ellimichael
904,muelnguyen
905,PaxtonMalloy
906,pangipingu
907,123123BROCOLLI
908,melvindeondavis
909,sk051645
910,Badsharkmoviefan_118
911,tim-elisa
912,coreyjdenford
913,rosiekatie
914,mattiavaca
915,mrkhandan-96004
916,laurenjfree
917,sierrafashion
918,stoikphil-18297
919,ahk-37714
920,anneneyens
921,Daskoolzup
922,amandamm-68837
923,razvan-popescu95
924,kenmoring
925,copperrd
926,kittykriska
927,jakobledwards
928,saadgkhan
929,jordan2240
930,kayleankdavids
931,shelandascott
932,nrgigaba
933,mbulimorgan
934,heba_abza
935,paul-allaer
936,SimonsRants
937,lfcamacho
938,nagydorottya-64759
939,Bviruiyan-Chwordervosky
940,checooke
941,movieturtle2013
942,gfarrell0
943,CulvertonSmith
944,Cineanalyst
945,dodolazza
946,sebastiandevos
947,aydatimer
948,monnetmarie
949,jakemelin1217
950,ahmadfattal
951,emilyerose-53416
952,adamboykin
953,marinasrashvili
954,Sir_AmirSyarif
955,RomanceNovelist
956,mapasha-44287
957,dragonfire-46773
958,barboramudrak
959,rikirikiriki
960,adamsmith-51004
961,nathanhowang
962,lilbit-69496
963,anthonyspidell
964,dogucvk-53388
965,may197
966,olliecurtis
967,mariannaserwa
968,samratsingraur
969,irinakagianiwti
970,PedroPires90
971,axelilehto
972,mattjportch-996-832071
973,wafflepenguin
974,Curiouscritic
975,jeromymumba
976,daphparker
977,yusufpiskin
978,Walt48
979,sarah1220
980,munyuaalice
981,brooksmurphy-1
982,jjdausey
983,telmamariapaz
984,fernando_ribero-474-301275
985,julianjoker-01865
986,Harry_Gleeson
987,lancepac
988,Eddieh49
989,heyyyoliver
990,relic-91902
991,negroswan
992,jordanagalvan
993,Xavier_Stone
994,mmohaa
995,mulhollanddriveway
996,florinmanole
997,gbradley-03098
998,gottalilmojo
999,pamelatovargs
1000,Zlatikevichius
1001,danybur
1002,blanbrn
1003,lee-00705
1004,r-h-m22
1005,anmu-55804
1006,PhatManBad
1007,elena_fairy_tale
1008,mckhury
1009,cmoreland72
1010,rnixon-15663
1011,miguelovargasmejia
1012,siandrew-57119
1013,Stream2BigScreen_Movie_Reviews
1014,mgmckenna
1015,a_brigidio
1016,milicaiphone
1017,kamsmith-71543
1018,sparrow3223-159-287038
1019,pronitmallick
1020,scorpiogemini
1021,callsomeoneyoulove
1022,hollynewton
1023,jjrafa
1024,shuntezhayes
1025,chandean-69762
1026,roel-willemsen
1027,javah-88013
1028,peet-56467
1029,espo-28383
1030,yuzii
1031,getpablo-80944
1032,gcarpiceci
1033,MarcoParzivalRocha
1034,Felixhug
1035,noramik
1036,lponce15
1037,chantelleaopoku
1038,argreen-24746
1039,elhamatwy
1040,giuliasw
1041,mariussofron
1042,imarinhr
1043,Avwillfan89
1044,enyakvarantan
1045,seemingly_reel
1046,vjnambu
1047,Zeke_S
1048,gg2507
1049,effystoned
1050,isidorija
1051,chrispoeia
1052,Steve-from-Texas
1053,tonyfp
1054,thevision-44664
1055,stefstars
1056,inker-13614
1057,anthonygiancola24
1058,rbvs
1059,mrsnustache
1060,tallulahdenyer
1061,diogobulhosa
1062,errieka
1063,keads-46240
1064,gregorybates-71071
1065,blpkst
1066,sofiapanicker
1067,mardineed
1068,louiegoodwin
1069,Lavishtaylor-752-791089
1070,mrdferguson-35024
1071,khansfordbellamy
1072,anconlon
1073,seansoulo73
1074,jimavlonitis
1075,mrtdawg
1076,kmask2002
1077,AmeenKi
1078,ariannausi
1079,djchestybumps
1080,blaxblew
1081,czhao028
1082,vickygoveia
1083,AndrewFNU
1084,denzelboye
1085,nishamilk
1086,julissajay-48887
1087,Done1517
1088,Senryu-Cherry
1089,mindfullofdreams
1090,sfworthington
1091,matadorrrrrrrrr
1092,nakisnakis
1093,brubru
1094,lailabentaboha
1095,viper-73920
1096,kbgilly
1097,dzenana-buljubasic
1098,kcitraro
1099,isaacvalderueda
1100,daniellawson-14-787057
1101,williamtseng
1102,theshanecarr
1103,lukaw-58038
1104,thearbcusgroup
1105,novacasa42
1106,emilioollerenasm
1107,and_shove_it_up_your_butt
1108,teriekwilliams-48053
1109,tamaramerhej
1110,LDuches
1111,krunalpatel11127
1112,cnpoole75
1113,theredsky
1114,bullet-myvalentine-353-90337
1115,lilyadw
1116,nicoleneolivier
1117,gabrilapo
1118,tmpsvita
1119,jreecebozarth
1120,dacbelcher
1121,luis151
1122,craigthomas90
1123,pharaohseye
1124,someokiedude
1125,gokeadegbayibi
1126,qamarghraba
1127,markaurelious
1128,kntjehv
1129,jack_pearson
1130,mashadowellonline
1131,lucascoluccioinostroza
1132,rafaellaheringer
1133,andreabassoul
1134,sergiodfsilva
1135,DarkVulcan29
1136,Taseen-566-16003
1137,TheVictoriousV
1138,rsduffie
1139,emily-86091
1140,alindsay-al
1141,mogli93
1142,TBMovies
1143,wewaj-03329
1144,Bek204
1145,cbentrott
1146,alex-frey-pattaya
1147,gsztiq
1148,combatph
1149,moraanex
1150,zac-68274
1151,bao_qing
1152,amateurazantys
1153,liliidali
1154,dnw-37
1155,slp-65008
1156,kjproulx
1157,jojodancer-02910
1158,DanielNButler
1159,tarekabdelkader
1160,cxnutmjb
1161,Icecoldheart
1162,victory-748-144163
1163,vatsimmons
1164,carolinasilvac-50303
1165,Valken-Industries
1166,zkonedog
1167,megomike
1168,zair-937-391032
1169,mam_bong_mun
1170,keone-game2
1171,brent-zeh
1172,RosanaBotafogo
1173,gaiacherici
1174,danielrko
1175,justjuliaa34
1176,moorer-08525
1177,megbee
1178,bbsherman
1179,sassimalika
1180,rishabh_t
1181,masonfisk
1182,reguizar
1183,eclec-28760
1184,iatsuko
1185,cathode-94655
1186,bigakuacedia
1187,r96sk
1188,loladaniels-35712
1189,m-kamel17
1190,libbylbroadfoot
1191,busrakarasu
1192,Editore
1193,tjacksonhot2203
1194,stanlester
1195,raoufaa
1196,goncalo-sales
1197,clarissaquaranta
1198,harrylosborne
1199,Gn_opinionate
1200,killianmars
1201,sydenham-00155
1202,asmiddie
1203,albinpetterssonorebro
1204,sktoth-65828
1205,salexandria_f
1206,m-muniz-831-45267
1207,aldo-64339
1208,mohammedsalehali99
1209,thepowerofrahali
1210,andrewchristianjr
1211,antoncf
1212,lamarmf-76748
1213,adboukhair-05582
1214,joostkale
1215,integrityone
1216,llsmith-87182
1217,latasha-31325
1218,mmcneil007
1219,Bleke01
1220,olusholashorunke
1221,joelgriffith-57-877234
1222,ththreemornas
1223,b-92067
1224,traviswhoughton
1225,dejohnam-98420
1226,maibritt-589-918706
1227,jkurian-09379
1228,hi-floyd
1229,jms-29540
1230,mickdansforth
1231,linda-846-907013
1232,kathleenchisholm-17204
1233,alize_savim
1234,magasaur
1235,miradeverdier
1236,nat_mt
1237,ilovecake-60690
1238,MovieMutt
1239,hannahlocks-56017
1240,lucasespindola-91322
1241,jelluza
1242,duffgifl
1243,Flossfc21
1244,shortmiddle
1245,katie-50316
1246,Doublej20005
1247,macwright-46529
1248,victorplange
1249,gbifexn
1250,marcovinicio-74921
1251,edicionccq
1252,haydenmerrick-36727
1253,marianajardim-08844
1254,gummyskyler
1255,sophie-moody
1256,drfcx
1257,hellinbrooksx
1258,MaiaMaja
1259,kejservitus
1260,shalimarsubagja
1261,billiepoop
1262,amesrichards
1263,matthewssilverhammer
1264,jkoncelik-18031
1265,Sophia1972
1266,Lisa_U
1267,aumunique-17399
1268,davidsask
1269,jwishart-43946
1270,cara-291-12150
1271,katkapsz
1272,dederusmanac
1273,lmcampbell-35242
1274,Shana1212
1275,steelthrough
1276,tsbuqude
1277,jacoblevy884
1278,ravenclaw_girlrules
1279,dandbhouse
1280,rachel_h_watson
1281,ninjakidman
1282,simplynouo
1283,Dog-River
1284,jessieo-43209
1285,vindhyakamlesh
1286,nadia444
1287,montoyaa-06270
1288,liftedduramax
1289,jaguirre417
1290,kirdoma
1291,brandenthanadabouth
1292,stovi123
1293,didcay
1294,shmielliot
1295,adiohater
1296,nixongallardo
1297,elianleal
1298,tornodebus
1299,MaximilianSchuldt
1300,fr9070
1301,twclark-49465
1302,stinkyfishe-81213
1303,brandychase-17981
1304,anaurbinagarcia
1305,Carpathia007
1306,hammyham-13843
1307,ajaxlepinski
1308,ethanmak-97109
1309,glimpsemedia
1310,r34lz
1311,mwjarrett-59631
1312,benkirilo
1313,budmerman
1314,mattiasjakobssonen
1315,anthonymalelis
1316,coletaylor-46927
1317,neisachan
1318,debrahabena-70488
1319,ryprior
1320,olingerthomas
1321,savannahhe
1322,stellaspam-19477
1323,danieladempsey
1324,youngkimwasabi
1325,alicatt-63651
1326,maggiemcgraw
1327,b-ere-94
1328,safagegr
1329,louiecouv
1330,zuzubrodsky
1331,cat245434
1332,robertcruz-09726
1333,franpepperrell
1334,ellapark-93530
1335,tsunnye
1336,samismidah
1337,jackswaine
1338,jellybaria
1339,songn-99826
1340,lukebrecken
1341,annieraja-64985
1342,cmgxpjhz
1343,taylorcrama
1344,daquezada-41702
1345,juboy70
1346,bewoncomdot
1347,wrightp-59813
1348,samanthabetancourt-32726
1349,kbabyhuy
1350,yaboycoxy
1351,busybeebusiness
1352,angelmora-88986
1353,nicholasabowd
1354,zysemily
1355,gunnerhine
1356,jovibrooks
1357,jackbowman-62862
1358,ScottTysar
1359,familyalfred
1360,davidsaulsberry
1361,alinasalceda
1362,alextran-34913
1363,turtlegaming-25060
1364,olivederose
1365,sarmianthony
1366,emdeejay-02825
1367,gideonlrobles
1368,mingusmckenna
1369,lamontbrooks-75480
1370,rileyeab
1371,shopgirleh
1372,jannik-03483
1373,constancecreswell
1374,thudson-03633
1375,chrrydrps
1376,aurorajanelowell
1377,mrlinares-12383
1378,jefferybey
1379,flynnschoe-85322
1380,gabrielleakol
1381,zanelamarsanta
1382,tjrtyler
1383,gabyou
1384,rossmanabby
1385,antojlz
1386,ogbobbyjohsen
1387,drusnak-38951
1388,sreekanthpnambiar
1389,adinathdr
1390,azharanas-01545
1391,pm_unnikrishnan
1392,sudheeshthulaseedharan
1393,nithinoommen
1394,nidhunmoviebuff
1395,grarunkumar1994
1396,sreenesh-g-one
1397,jdthemaster
1398,abduljouhar
1399,kartikachakottil2007
1400,nairbinu-67921
1401,thejassivakumar
1402,nijin-cj
1403,raghavjobs
1404,aravindnanda
1405,tvedukr
1406,shyamtheju
1407,jiten_nec
1408,nkjava
1409,sha-15732
1410,nishkupul
1411,Freezing_Walkers
1412,kolbasbgd
1413,MadamWarden
1414,sippyrajan
1415,jbrown510
1416,gert-23874
1417,danillelos
1418,Athanatos173
1419,muhanado
1420,Lazizzi
1421,elliotte2
1422,sebapamula
1423,boryagin
1424,jon626537
1425,andrewrye-06535
1426,daniel-nordqvist-eqe08
1427,max_g-30350
1428,willandcharlenebrown
1429,mauritsdomien
1430,Love_Death_and_Reviews
1431,strontiumj
1432,polsixe
1433,renatoromero-52000
1434,CarsonTrent
1435,kosmasp
1436,adammcgowan-03841
1437,pirzadaj
1438,aasimazam
1439,scififreak1977
1440,dinojimo
1441,jsucie
1442,jackabela
1443,bidi-27189
1444,getphysicallyfit
1445,aameruk
1446,akarajovic
1447,danielmanson
1448,willied4
1449,hollandnigel
1450,masum777
1451,kelsimay-84886
1452,hdirhali
1453,elliotjeory
1454,johnjohnson68510
1455,tammy-90951
1456,ilaydacbang
1457,callumhutchison
1458,simelemontolomeo-56461
1459,Zenmasterme
1460,domsmail
1461,tobiaswallentinsson
1462,robertamanuela
1463,lordhill1
1464,afeir-31493
1465,mattster-61157
1466,zulutrystan
1467,andrew-oneill-156-989562
1468,lasse-454-855039
1469,daveerrn
1470,bm-89274
1471,matt-69817
1472,naveenhareendra
1473,writeztuff
1474,rxprtgama
1475,gpeele8
1476,fgranlun
1477,acejingjai
1478,Moviefreak2021
1479,taraholman-70711
1480,denisshortycondie
1481,robborockstar
1482,jeterw
1483,yashaarloyah
1484,spencermmarsh
1485,nicolasmaczk
1486,Shaunk-65
1487,rharrisstoertz
1488,lewilewis1997
1489,jaybuzz-38316
1490,thelastgreatjacob
1491,wills-john-575-384947
1492,dcmurtagh
1493,SpeblNygex
1494,hawaiialin
1495,mats_astroem
1496,petuniaorr
1497,rbbit
1498,hgcop
1499,salahrifai-38274
1500,superboyjosh-23018
1501,asage19
1502,ocean_sun
1503,djklymaxx-05604
1504,robin-34062
1505,nazaar-66260
1506,jborgesand
1507,jfh-72320
1508,Sergiodave
1509,AlfredoLT
1510,alex-799-908199
1511,adaptor
1512,davidhelge
1513,dannyzzz-66492
1514,butterfibt
1515,stevegill-44313
1516,sarahmattina
1517,cch-19232
1518,dixieuk-07294
1519,rakestwin1
1520,rachellesuzanne
1521,pranayjalvi
1522,laura-murgia
1523,gen86
1524,m_from_space
1525,ABCloverLane
1526,yantojones-49824
1527,miguelabguerrero
1528,rpremio-48200
1529,mschell-1
1530,MTonyS
1531,El_Jefe
1532,Orlando_Gardner
1533,mhdmzp
1534,fbaston
1535,dwaynemayo60
1536,toddcha
1537,LilWats
1538,chris-61785
1539,zeyadjam
1540,datkaa
1541,billybizar
1542,Movie_Fever
1543,mickeythechamp
1544,petewood-59951
1545,drinkdrunkthedifferencei
1546,kerrysimpson-62755
1547,akonaludidi
1548,wanarek-128-550132
1549,ehudmi
1550,MoistMovies
1551,ton_smile
1552,muhammadshafei
1553,gamalfares67
1554,leondaniel-16593
1555,ol-boehm
1556,Un78657
1557,cool_andhot
1558,maniort
1559,jekkukyy
1560,brunette_blueye
1561,jacob-lundqvist
1562,katsibrasmiltos
1563,DaegT
1564,christianmees
1565,Luigi Di Pilla
1566,alifim
1567,carlos-pires
1568,anemodouris
1569,prairiewalker
1570,cavemould
1571,eqauntebi
1572,jongodwin-12571
1573,Pairic
1574,deroxybox
1575,Tweekums
1576,wentos
1577,mattiailvero
1578,kimbrys
1579,bethjazotte-60931
1580,info-650-994633
1581,nickpedersen
1582,garygeorgec
1583,shawn_searle
1584,aavaliani
1585,mver-68913
1586,michalmiszczuk
1587,mattmoses-09929
1588,What-a-Punk
1589,launrol_9200
1590,elsewhereunderscore
1591,maliyahming
1592,GD_Marq
1593,Paynebyname
1594,gielissen
1595,bohincblaz
1596,mazeltovmichael
1597,bordeauxunited
1598,MahnoorKhan-FilmCritic
1599,ramisaakter
1600,tamojit12
1601,msalariee-98235
1602,elolorosoPit
1603,AvidWatcher101
1604,kumarudit
1605,JoelAlexanderr
1606,hudsonhezi
1607,ferreiranazli
1608,yukontanny
1609,acookieforsanta
1610,vivekrathia-44190
1611,Ar_Pharazon_the_golden
1612,Miikue
1613,simoncmoore
1614,ferraiwiliam
1615,ObsessiveCinemaDisorder
1616,msghall
1617,MK_Ultra_
1618,gabrielguerena-47860
1619,byebenjamin
1620,ajikude
1621,spiltpurpleink
1622,personalaccount-30577
1623,egylablab
1624,averylubocki
1625,ketih
1626,fjmsoftware
1627,herceg21
1628,dougfm
1629,The80sGuy
1630,sanjk75
1631,amellybass
1632,Kamil_An
1633,jasha89
1634,himmelsvid
1635,michielpieterhoogeveen
1636,kleawhispers
1637,greutskol
1638,dogasomer
1639,s-o-f-a-k-i18
1640,bassory99
1641,hyunwest
1642,charlotteheylliard
1643,hartmannemilio
1644,bxsjim
1645,MovieQween-33622
1646,uengelhard
1647,Sankari_Suomi
1648,lucasdelacre
1649,savethecloudsfoundation
1650,philipgriffin-24582
1651,clanhellekson
1652,hamidrocker
1653,xrnfvnpe
1654,Mork_the_Borg
1655,sarah-ameera1993
1656,noahmrage
1657,mafecp-00690
1658,nezbitkn2
1659,bentram
1660,abwetman-1-817328
1661,sathish5470
1662,al-144-89368
1663,Lostounet
1664,jcdamien
1665,vcpsilva
1666,billgdi
1667,emreozkurt_84
1668,simonv-14712
1669,Del_Wares
1670,drifter_74
1671,ikadery
1672,freudable
1673,mobstersgangs
1674,ruchikac-28194
1675,TheInfiniteFormula
1676,bazookamouth-221-898097
1677,fdrai
1678,miinty
1679,kemal-44877
1680,harjinder-14481
1681,aaigner-1
1682,contactmaz
1683,buttyfrench
1684,valentyalex
1685,raidenkaskus
1686,howardsantiso
1687,sanaipatel
1688,deothor
1689,thomasshahbaz-52541
1690,spysimonsexton
1691,aliahmedashraf
1692,zulmaidy
1693,taneesha-66477
1694,RendyBrontosaurus
1695,enriquesinghjr
1696,casch0101
1697,elliconline
1698,kmcmac
1699,irynasan
1700,mehdimhdjb
1701,ragingbull_2005
1702,alejandro-bonilla
1703,lolloNemesis
1704,ulicknormanowen
1705,Eli_Elvis
1706,boratsuckdev
1707,beardeddragon-51244
1708,mvdwiele-137-229257
1709,jwolf-313-851162
1710,jarmste2
1711,Lewis_Heather787
1712,structuresystemic
1713,chrisnangels-66793
1714,jonastp
1715,catfanatic888
1716,cscott2331
1717,jdc-07171
1718,turdymac
1719,ad-27366
1720,jwvandegronden-1
1721,vrobello
1722,YRLY59E
1723,glenn_gallagher
1724,miller-44811
1725,yasserdgt
1726,tgainey14
1727,Leungzy
1728,susancwilson-78199
1729,nvandevelde-22945
1730,maris_geo
1731,steindottir
1732,rossjayp
1733,akcenat
1734,chicagoray-32216
1735,mrsazz
1736,harril-586-26745
1737,bbv-69237
1738,engmicheal
1739,urbanswami
1740,rouselleisla
1741,ponderingthought
1742,daniwilson
1743,barcaunited-31224
1744,jos-dsouza
1745,ahmad-51172
1746,shama_musani
1747,Critic_For_Life
1748,eespersen
1749,mouuzaa
1750,carnagecarney
1751,jade-fire
1752,slmcdee
1753,eduardvimard
1754,wolfzrain
1755,jdprdise-95368
1756,dannypark247
1757,spasek
1758,bheadher
1759,scientiaetveritas
1760,DeBBss
1761,naderofficial
1762,jaylinb
1763,vukicevicdora
1764,isabellacheng
1765,harumaeren
1766,peter-spengler
1767,shchu
1768,luckyg-65765
1769,Turanic
1770,pepipapa
1771,MRT_
1772,realbatman
1773,tmharper-08835
1774,anthonywemyss
1775,bigpaul6-740-221238
1776,avicohenk
1777,stevipp
1778,judicmr
1779,Go6565
1780,fgcity
1781,worksmart-58506
1782,eidolonmd-35-890170
1783,ngcorey
1784,varun-kc22
1785,jon-22643
1786,mikalrkayn
1787,nick-kelly-104-817149
1788,boraqueen
1789,pennaneac
1790,luntrarustefan
1791,Gli0
1792,nayeemiqbal_
1793,corb-6
1794,gaelcoast
1795,adams5881
1796,thatsgottahurt-1
1797,mccutch22
1798,Chiggychiggy
1799,thefendiprint
1800,jimsty1988
1801,jtindahouse
1802,skylinekiller
1803,ebogart-11645
1804,adaniel0206
1805,ejones3157
1806,darthmorbyva
1807,beni_waldz
1808,gnis-732-579009
1809,pxc-40578
1810,billybacktown
1811,afrocut
1812,emilybedford
1813,gpeterson-09509
1814,greenbizkit33
1815,tloader-1
1816,bangel3322
1817,ljayharbour
1818,glockpant
1819,rubenpasaribu
1820,tresm87
1821,maherbrandon-67670
1822,natashialw
1823,jodihaynes
1824,Entertainmentsparadise
1825,supermantyler
1826,chrisdavidson-54477
1827,tim_d3
1828,valleyjohn
1829,chrisdye-08398
1830,huntersmithx
1831,influxtwo
1832,FeastMode
1833,mancini1997
1834,themadpredator
1835,UniqueParticle
1836,NuikopeaDemon
1837,joiningjt
1838,jamesmjohnson-03371
1839,ignacio-lopezmoreno
1840,axfan64
1841,rclakers
1842,thepearlpoint
1843,horrorbailey
1844,bubbaarizpe
1845,JackCowart34
1846,deondrevakshen
1847,cruzwilliamsaavedra
1848,usirgkw
1849,ayse_Cenikli
1850,reaperfollower
1851,meghanlv
1852,kofikng
1853,ollieharrison-76586
1854,raymj777
1855,stevenrossiter171
1856,coreylukeh
1857,Farshnoshket
1858,lionvanslion
1859,dy38493
1860,codylbrowne
1861,zacharyjuly
1862,ryanwesthamfan
1863,PCC0921
1864,edwincervantes70
1865,nflshowdown2
1866,jacob-47964
1867,hometuff
1868,garrettpeery
1869,seanmills-90674
1870,cindyxie-78638
1871,alexkzapf
1872,momster64
1873,rheap-47304
1874,bb74
1875,raresboy_97
1876,abramsalyson
1877,devitojohn-32575
1878,actaction
1879,candyappleayala
1880,rymoore734
1881,CoderHead
1882,mrs-61102
1883,scragglywags101
1884,johnnynotty
1885,maypaul-96980
1886,lj-49679
1887,iRumorhz_
1888,jodiekeegans
1889,equispepizarro
1890,jasongkgreen
1891,aaaasvghhtsxc
1892,dan_blessed_be
1893,pnwyet
1894,conn-57441
1895,ethanc-23788
1896,nahyaaba
1897,LSUK
1898,joe-collins91
1899,dragonlord-77417
1900,AdrenalinDragon
1901,DoreaBlack
1902,biancasofiapsilva
1903,mgwdrmatt
1904,arated-96629
1905,azamryan
1906,travisawsome
1907,anisen-undefined
1908,themadmovieman
1909,ceyda1811
1910,robertasmith
1911,miclarke
1912,johnbirch-2
1913,robinalers
1914,Jimmycakes
1915,barry-180
1916,jacoalda
1917,carolinejgarnett
1918,ronmoonen
1919,wcbagley-90802
1920,azizsalhi-56473
1921,alangthompson
1922,barob-51973
1923,scottjtepper
1924,sng-patterson
1925,RamseyReviews1
1926,batfangruskin
1927,sonofthesea-73865
1928,Whoopz
1929,flynnflon
1930,jogardiner-92717
1931,pjkend-11719
1932,schmidt-timothy
1933,johnmwpartington
1934,imdb-ikysmoviedatabase
1935,nazla-sajed
1936,cetaylor-30257
1937,ian_d_hoare
1938,porcgi
1939,willymiranda-43114
1940,Red-125
1941,philipjheil
1942,mackks
1943,fralmond-91498
1944,news-121
1945,alysongills
1946,douglasp
1947,nickburman
1948,bastille-852-731547
1949,ingra88
1950,philbrandt-20031
1951,storeyrc
1952,MovieLover1925
1953,aminahadziemric
1954,Steelfram
1955,hellohimaank
1956,julienicholson-12168
1957,ericfleming-28253
1958,tigerfish50
1959,jimthompsonmd
1960,agkona
1961,llipsky45
1962,jdonalds-5
1963,wheeelertron
1964,ninjawaiter
1965,lina_kiyota
1966,digdog-785-717538
1967,janiceh-06968
1968,alightinthedarkfilms
1969,AhmedSpielberg99
1970,eshmana
1971,teebear817
1972,cordenw
1973,corsino
1974,davidvliet
1975,dartmouth-39013
1976,rpvtimcotter
1977,ianquayle-50789
1978,trez1
1979,Impman2
1980,bekkifileccia
1981,pawebster
1982,jaded_kitty17
1983,guerrero_victor
1984,rsivan
1985,suripat
1986,crstuder87
1987,tmansreviews
1988,micpatodo
1989,jwycoff-641-926025
1990,mha-89327
1991,iain-13420
1992,jerrytmiller
1993,mtotheno
1994,resireg
1995,cheryladuffy
1996,YabbaDabbaDabba
1997,brycecjewell
1998,bevwildney
1999,Sleepin_Dragon
2000,filmjunky3
2001,beauty_model
2002,starbet
2003,deleonmoshe-58751
2004,rpdelta
2005,matrixdukenukem
2006,gdawsonggg
2007,gshrak
2008,mdh-81161
2009,fredmcruz-10684
2010,joseidp
2011,simon_sanos
2012,tabuno
2013,wayneleeno-77638
2014,catherinemccutcheon1-722-557842
2015,packmanproductions
2016,nenms11
2017,umitsayman-66677
2018,janicepajerski
2019,anniemarshallster
2020,hendryclan
2021,brewer-17126
2022,kingsx_64
2023,FlossieCat
2024,brockfal
2025,SpacemanBob
2026,dimkarampas
2027,mohamedmahmoudgalalmahmoud
2028,bhkhannan
2029,deepfrieddodo
2030,alcorcrisan
2031,toby-82633
2032,Silazevedophoto
2033,agmoldham
2034,croco-dopolis
2035,leoburnman
2036,Fatemeh_Hadi
2037,eddie_baggins
2038,rup_74
2039,keywester-05337
2040,ozjosh03
2041,steve-thomas135
2042,BlockLike
2043,ChungMo
2044,mckaymalcolm
2045,W011y4m5
2046,robbert-14458
2047,mchesney1
2048,fbezamon
2049,carlacram
2050,barnco21
2051,davebuttomer
2052,sarcasm_for_free
2053,royxsong
2054,pierre-258-643972
2055,henrietteskarderud
2056,ismith-18437
2057,garethallen-65236
2058,tsrts
2059,dwcnm
2060,juanmuscle
2061,petebevy
2062,jogliore-267-117475
2063,amfriedland47
2064,mskatherine-98164
2065,stefchatzichristou
2066,miriamrauf
2067,julianstrand
2068,jonwestuk
2069,andreaclive
2070,mwtggibse
2071,a-clinch1
2072,geraldwinik
2073,KMBusheva
2074,leslieschwartz14
2075,afactor-victor
2076,berndgeiling
2077,ra_clothing
2078,asralarsal
2079,brosseau1972
2080,Drumsnsticks
2081,garryballard
2082,helenverrell-06320
2083,mzmck
2084,marshalsea-547-992254
2085,nick-51803
2086,ardarkow07
2087,philippe_o
2088,Holt344
2089,rajesh-puvvada
2090,gettysburgrich
2091,akyle-01012
2092,dbrocket-128-370282
2093,thomasdoidge-20315
2094,john-83969
2095,haz-97919
2096,joesoundman
2097,ArmandoManuelPereira
2098,andersbberg
2099,misungpark
2100,elgrampo77
2101,yarntonholdings
2102,writenamehere
2103,kristian-leech
2104,shane-41928
2105,bshaef
2106,PeterHerrmann
2107,mosquitobite
2108,henion
2109,bala-srinidhi
2110,goodfamiliarcreature
2111,ankurtyagijapan
2112,Too-Tall-for-the-Desert
2113,anicolassaezmorente
2114,susanxx-76-348573
2115,pauleky
2116,bockingrg
2117,nataliakarwacka
2118,eoinodonnell81
2119,Richard_Alex_Jenkins
2120,maccas-56367
2121,chief-benard3
2122,georginacroft
2123,classicsoncall
2124,robifearnside
2125,Okonh0wp
2126,fopfopfop
2127,kolczatka
2128,matthewdahlberg
2129,Blondell22
2130,paul-clarke75
2131,pinkprincessgirl
2132,Seamus06
2133,heartspill
2134,andletlive
2135,ricovegas
2136,alanfisher2001
2137,tatianamsantos
2138,d-papadakis
2139,mattiaslb
2140,brucekuehn
2141,deloudelouvain
2142,daoldiges
2143,fakhar-abbas9
2144,noahtaylorvt
2145,thekarmicnomad
2146,alkis-75209
2147,gkshaw63
2148,bantickr
2149,elyrexo
2150,seandonmooy
2151,jessamor03
2152,drgreenthumb1001
2153,alexandriaewhite
2154,mudonn
2155,wabeck-92255
2156,frwill3
2157,christopherdmellor
2158,mlivziey
2159,bandini2
2160,sorvti
2161,westerfieldreviews
2162,mmthos
2163,nancyldraper
2164,bill-1489
2165,maggie-42836
2166,john-2023
2167,lesterr-19301
2168,kevin c
2169,ocracokeblues
2170,blake-blamar
2171,bjfinteriors
2172,redban02
2173,ron-newbold
2174,AJ_McAninch
2175,kpassa
2176,Ranbl
2177,roberteleenyc-53612
2178,david-952-635584
2179,nunnybarry
2180,drannakawalek
2181,bubnapoletani
2182,Chris_Ego
2183,sspina
2184,steffern
2185,peferguson
2186,mitchymatchymoo-28610
2187,crystol88
2188,kindredparadox
2189,bonnmack
2190,Arrowsmith966
2191,timcollins-20162
2192,melee3
2193,CabbageCustard
2194,oldguy7547
2195,gregoryroman-88635
2196,traceytak
2197,davidjskeen-53445
2198,johnharapa
2199,JanJanuary
2200,sfsugs-78775
2201,ToneBalone60
2202,biharisamirkumar
2203,alex_i-30519
2204,lbrega
2205,dean-eagle
2206,rufos_adventure
2207,christinb-82158
2208,GerryofNorVA
2209,ozzybux
2210,deedeeallstar
2211,Kubrickfan15
2212,alexpn66
2213,joshuaporteous
2214,danielwcassidy
2215,RPaleja
2216,uluogulcan
2217,Beach412-1
2218,sdkemmerling
2219,sinefilcinephile
2220,historiafilms
2221,leaveoutalltherest-871-800677
2222,pedroborges-90881
2223,orjan-bergh
2224,petarbrankovan
2225,Rytl
2226,TrueWouve
2227,JessicaCatrionaGray
2228,wolverton7
2229,csigrissom-57506
2230,isaacsundaralingam
2231,studnie
2232,rmrom-hal
2233,BodhisattyaPal
2234,zimmdogg-832-535727
2235,fostermarkluis
2236,shroukgomaa-19505
2237,mansonx13
2238,helio_lamego
2239,danielgrantwalsh
2240,alexgmcm
2241,mbrcf
2242,redfive-94953
2243,louisdion
2244,mohamedmghareeb
2245,davidec23
2246,mradarley-47661
2247,jsmiley-70956
2248,jamesjustice-92
2249,theworstcritic
2250,mohdezal
2251,okcknet
2252,panta-4
2253,pawnchild-49452
2254,noryq
2255,prathampikku
2256,stella-georgoudi
2257,ahmedsomran
2258,ahmetarik
2259,mawazim
2260,johnlathrop
2261,k-khoshroo
2262,alexandraza
2263,g-30799-64706
2264,TruthTeller98765
2265,jberqu
2266,rominaguaychacabrera
2267,coasterdude44
2268,jonaqpetla
2269,teodora_new
2270,FilmChamp20
2271,darkreignn
2272,shorn-40895
2273,MagooWho
2274,jamielewis-51864
2275,Bwent
2276,the-coolest
2277,edgarcat
2278,jcdunn-90464
2279,eoswaldbigred
2280,bobmcglone
2281,danielsking
2282,ddamo-13945
2283,Mikee_Maher
2284,abdulrahmansaleh
2285,qbswpfyrd
2286,ira3
2287,DelaRed
2288,Astropleb
2289,kev11142003
2290,avelrodriguez98
2291,niels-dekker
2292,bankofmarquis
2293,leosortini
2294,mfvincent-83239
2295,stormslinger
2296,rholland-58478
2297,haseeb-sarwar
2298,delores052
2299,charlesnellogardner
2300,orkhanemirgamzayev
2301,Delrvich
2302,mikeytron
2303,gabetheman-11058
2304,immortalmachine-07969
2305,itsoclock-18178
2306,nofakehappy
2307,turtlebay-94983
2308,erictsievers
2309,sml0227
2310,rezanowbari
2311,qstiumnh
2312,andkpearson-40177
2313,vato7959
2314,Loptimus06
2315,liapetrich
2316,varminttank
2317,FatDumbAmerican
2318,valentinionut
2319,ryantimmins
2320,chrisandmark-44838
2321,itqqut
2322,brett-76260
2323,ali-najafyi
2324,wolverhys
2325,ted-sammons
2326,arod_85
2327,ebeckstr-1
2328,cenmail
2329,iamjamalwhite
2330,magatsu
2331,Opinate
2332,michellegeller
2333,david_royz
2334,eddy-59618
2335,Nightmarelogic
2336,b-44169
2337,skp-43271
2338,benjaminlauriesmith
2339,Sophia-Jones
2340,fmatt-88980
2341,hugomf85
2342,eliebarakat-33947
2343,sadgirl398-167-719874
2344,kcrane-24932
2345,jayslovin740
2346,Fred_Walker
2347,illinoiscpl2327
2348,chubarova
2349,georgio-26490
2350,jessmr-43191
2351,josephbrewster-88279
2352,gjfrost
2353,jbejar-57540
2354,djpure1
2355,iconians
2356,caggianogabe
2357,cristeavirgil1797
2358,danijelspasojevic79
2359,ceneric
2360,bstilesbs
2361,juuntjuhh
2362,demi-12
2363,jonathon-roper
2364,spywitness
2365,beerguy1
2366,Mike_Devine
2367,esminamartins
2368,ugmmb
2369,imdb-11847-61144
2370,Pixel-3
2371,keithporteous
2372,paulig-gr
2373,durgan5
2374,Esther-890-413418
2375,admanpa-81096
2376,tiflarson
2377,lightheartedbeing
2378,Her-Excellency
2379,kjr107
2380,toz451
2381,right_naw
2382,Lockout_Salties
2383,gtmarcyk
2384,gcaruso-05367
2385,danreyessat
2386,Azanspy
2387,juanjomendoza-80371
2388,bobzavoral
2389,alpheusthelover
2390,Vlajko24
2391,katjaolenik
2392,livebeyond
2393,Scotslad_007
2394,pejcicema
2395,Mattc164
2396,name99-92-545389
2397,flowerstardust1979
2398,dxxkmzyq
2399,finchop
2400,cara99-325-253464
2401,cgsteen
2402,jlewis3122
2403,jcuddylamoree
2404,PossibleOptimism
2405,balch-87072
2406,scottsideasare
2407,rmmil
2408,hayleyfairbairn
2409,SCUTAROPALMSPRINGS
2410,Ian_Spencer
2411,justinvannimwegen
2412,matt_hew
2413,juliakieling
2414,makaylagan
2415,mikaylan-16327
2416,cbisbee-73995
2417,big_asapper
2418,jybeachem
2419,brandonmathieu77
2420,bas-horneman
2421,emilyborns
2422,sproland
2423,makrae-80760
2424,NotInThere
2425,Maarten-Winkel
2426,larranagasantiago
2427,bacpd
2428,INTXb
2429,strawberries68-1
2430,davidsanders-92836
2431,mrouse-48853
2432,a-friedma
2433,hnhnyc
2434,shivajeetheking
2435,patriciovillazon
2436,nicolaperrin
2437,ashuston
2438,tml001
2439,noahpandalover
2440,tobe_1991
2441,meydiana-65242
2442,orgrabbit
2443,jkt2006
2444,jmn-83551
2445,nammage
2446,siggidiggidigg
2447,andjam1-397-77272
2448,zoek-04121
2449,payiyugk
2450,judalyn
2451,crowed-84899
2452,jasminelavann
2453,fosnock
2454,josecolenpt
2455,altemus4
2456,henry-singer8
2457,arias-569-36651
2458,brenzbrenz
2459,jimmatch
2460,nwrick1
2461,kodiaktt
2462,Ellerina97
2463,birkby-70423
2464,mr-whyte
2465,surfingthebigwave
2466,ccehyvne
2467,wangbofd
2468,frederic_thiel
2469,mrlix-32343
2470,jtokaji
2471,ajitpardeshi
2472,marcofranchino
2473,peterschiff
2474,morrisonscott
2475,heidibokor
2476,maxvan-57028
2477,badhrudheenvijay
2478,manigarg0000
2479,Essay-Kun
2480,Maxax777
2481,gabriel-minea
2482,jgreed-49807
2483,iamthegodparticle
2484,sarahkurtz
2485,peoplepower-588-227356
2486,CinemaSerf
2487,sogoodlooking
2488,modianush-77899
2489,monte-00292
2490,nicolerazz
2491,gromero-50999
2492,murlichippa
2493,Peaceful224
2494,per1993
2495,rachelleberman
2496,ScoobySnacks66
2497,brettfarrell
2498,stklaus
2499,abhishekoachira
2500,mmazlumoglu
2501,tuomas_86
2502,Lew777
2503,dan-cruver
2504,kimrm1023
2505,GJChase
2506,lorenzoamer
2507,bernardbobby
2508,dolivaw
2509,purple_kiss
2510,laplante-co-672-297856
2511,lukemc-43-657965
2512,jvenus-07339
2513,RogerOThornhill1959
2514,mendoza_marlene
2515,pdbodyshop
2516,henry8-3
2517,Redjman
2518,Safetylight
2519,sagoslim
2520,Argyle302
2521,Jungle_Jim
2522,matthew1000
2523,Boreddel
2524,Dragava
2525,leftbanker-1
2526,rulisastra
2527,ethanbresnett
2528,stojkovskamarija-68890
2529,sagetwo
2530,ivanoos
2531,shreyasnax
2532,guillevica
2533,i_hijump
2534,Tales-ofa-Fangirl-witha-DVR
2535,accounstv
2536,aseumht
2537,bgochal-100-547227
2538,wydeglyde00
2539,ivanmessimilos
2540,jthiac
2541,jonsid57
2542,bradnelson1989
2543,matthewjc-80672
2544,thw2-157-607622
2545,driver-69282
2546,tomasstalin
2547,satwell-93686
2548,icegenz
2549,papreppergal
2550,bheb87
2551,joshuarenealvarez
2552,jerseyjoea
2553,mellonmationsyt
2554,Mitch1056
2555,Gentzen
2556,jamg70
2557,dberes_1
2558,gazzleech
2559,orkneyislander
2560,joejeanette-96375
2561,gregsgh
2562,cmhouser
2563,olotitan55
2564,sertacgungor
2565,artistbe
2566,Stanlee107
2567,steviemagay
2568,grahamathomas1
2569,simon27203
2570,peterscarpinato
2571,FridayElmStreet
2572,coxpnw
2573,bhwqvidn
2574,kli-lk
2575,plamenparvanov-75540
2576,kyragd2009
2577,rdubovitz
2578,lmjoneswi
2579,andess-1
2580,hussainasmaa-48884
2581,WhatHappend
2582,pamela-austria
2583,pruz-55801
2584,angelachaddoud
2585,cheriedubyak
2586,stuartjamesferguson
2587,pynerb
2588,garthalgar-43423
2589,garjanuk
2590,davidjejna
2591,xddapntjht
2592,ampavic
2593,darangulafilm
2594,poyerd
2595,Desertman84
2596,smithhugh759
2597,ross-547-585754
2598,vlinda-82728
2599,Ashitaka137
2600,herkumer
2601,gpunitha
2602,pepjrp-93102
2603,ivanpetricevic-88877
2604,lanyona-33927
2605,rockingruby
2606,talk-05769
2607,vignesh-wireless
2608,wittmonk
2609,siddharthsurve
2610,john-36232
2611,devlo-87631
2612,chrisshalvoy
2613,lazypig-60485
2614,jimrogers-31828
2615,zardoz-13
2616,katiepike-76097
2617,zcbrown-52720
2618,pmarsh-53307
2619,mirkoaissufo
2620,lechygodson
2621,nechiforstefan
2622,kekermawi-78568
2623,bluebirdstreet
2624,oscachavez
2625,wittstockwilliam
2626,plet-54046
2627,stellarockc-57448
2628,Josiah23
2629,janusguttesen
2630,smason-71888
2631,mmeklund-24198
2632,padamsnote
2633,jjlavin
2634,misamer
2635,stighogberg
2636,dar0417
2637,MrHarshCritic
2638,chadeveson
2639,steveguitarist
2640,BananaHeads
2641,chris-h-3
2642,latinfineart
2643,kiko-49980
2644,jordan-132-211888
2645,VKintheUK-83-552768
2646,tobydammit-2
2647,marwinsingh-30063
2648,dlmiley
2649,hristokasabov
2650,mostafachemist
2651,destroyerwod
2652,meneermalik-1
2653,bobrandt
2654,charlick
2655,imseeg
2656,mwrwazed
2657,boldeboy
2658,drpainters
2659,migeris
2660,lbgrossenbacher
2661,baywoodarborist
2662,captaingsc
2663,pietclausen
2664,steveatwal
2665,littlepenguin-19854
2666,NijazBaBs
2667,kmangh
2668,pftimms-93542
2669,alexiosred
2670,nikola17
2671,Mjm00653
2672,marcvuijk
2673,chrispuntgrovenattelenetpuntbe
2674,tarun_john
2675,pontus-randen
2676,jredy
2677,Hammer-Rocks
2678,leon1355
2679,nledude
2680,kuner-59029
2681,gogga1011
2682,bjornar-182-260351
2683,kunstler-71666
2684,toralyoshida
2685,yogibearbobo
2686,kissmint_ca
2687,dupontjg-278-481855
2688,mtcsmurray
2689,ed-26811
2690,knutbergqvist-346-510506
2691,bostonct
2692,pizzacargovroom
2693,The-Sarkologist
2694,darrell-23715
2695,thealeciathomas
2696,lolly67
2697,arklein328
2698,pedrocastillo-06208
2699,amirma-78982
2700,vipinsharma-kpt
2701,rlcantwell-5-584195
2702,shubhamkumarsv
2703,Sangeethsamarasinghe
2704,yudhabagaskara
2705,hasanturko
2706,reellycynical
2707,neilk0403
2708,dvlnm
2709,hanadi-university
2710,edgar78
2711,nicklasweide
2712,celt007
2713,LowTECDracarys
2714,nb-19881
2715,studioginger
2716,MugShotBlues
2717,wubei-69374
2718,psxexperten
2719,romanabdullaiev
2720,rupert-ian
2721,aalbadry
2722,berserker05
2723,susanstout-80988
2724,ronaldkorzec
2725,jordang73
2726,sheikalthaf
2727,jhonny-16427
2728,garethbayliss
2729,schvvarz
2730,billmank
2731,procopy
2732,paul_lustica
2733,wrightonliam
2734,outlander
2735,alkitbe-86475
2736,raysa-42666
2737,richard-1967
2738,umarbashir213
2739,ianslater-54866
2740,Saiph90
2741,alan-467
2742,jrwygant
2743,nadiamwanza
2744,dm-30084
2745,knoxy-96357
2746,babahemine
2747,marknisswand-38792
2748,adina0017
2749,hampersnow-28905
2750,ryan_sy
2751,Shark_Stark
2752,rowpotdroid
2753,Ledoux-Dennis
2754,alisoncollard841
2755,ToxicJug
2756,jmbovan-47-160173
2757,danielkovacs
2758,108YearsOld
2759,Ernesto_Caro
2760,motorguitarist
2761,info-33728-30040
2762,jhajzy
2763,lalarievilo
2764,digitalluke-83783
2765,minachgo
2766,mercyfulfate-84-708656
2767,thcharacter
2768,Lauriearamirez
2769,babybondo
2770,temuukaaaaa
2771,neiloconnor-98432
2772,markd3-2
2773,iamkrause
2774,jewelch
2775,davidgibson-19224
2776,raybennetthays
2777,ttzimas
2778,ndroock1-652-135554
2779,kodiakblack
2780,jesybear
2781,roverite1970-682-875506
2782,koyen
2783,yamahapic
2784,alexandermuir-59393
2785,somerville2003
2786,Mattenhof
2787,clennan
2788,X0theresayvonnee
2789,d_deinert
2790,harrisduckins
2791,hoipo2006
2792,markreedx
2793,hhena002
2794,connerismad
2795,imagendigital2003
2796,sam_muleadams
2797,andrewjames4202
2798,nalwro
2799,foxtwc
2800,pasillas-21900
2801,duckboy-94171
2802,cqncnelson
2803,jhordeym
2804,itszyn
2805,beuhvlop
2806,gpx_fto
2807,teocrito
2808,vprolix
2809,mikelibra-04853
2810,Sandra-durand80
2811,matthewstultz-35802
2812,educatexan
2813,daveelmorto
2814,paigetrevino
2815,macgand
2816,ebraysia
2817,monberger
2818,marshallfg
2819,bskipper-11300
2820,nugadan
2821,haydengaun
2822,SuperSlim451
2823,c_bar-09478
2824,alesaenz-48003
2825,ronterry55
2826,MilesThe8YearOldCritic
2827,kaiseemartell
2828,mythicalsecreat
2829,alamrimohammad
2830,karlbehramfram
2831,alexaorellana
2832,qrbbsvmm
2833,keithdailey-48525
2834,joeykassis-59341
2835,darthronk
2836,paige-64452
2837,jprice-38253
2838,sammyhelmle
2839,finaldestination-g
2840,AmericasFan
2841,mr-altex
2842,Beyondtherain
2843,songbird789
2844,hiu-anderson
2845,okhwaja
2846,thepoisonedpen35
2847,ciarrawaffle
2848,aeongale
2849,rudyyr-62168
2850,fashejones
2851,neil-476
2852,running_with_scissors
2853,vesicpeter
2854,lcobarruvias
2855,Umarfilmgeek
2856,tvdefrancesco
2857,gekkepoppetje
2858,jackorama-46383
2859,redflava-38911
2860,r_c198mp
2861,forevertiago
2862,piloudax
2863,keyshasativap
2864,ropelawshiel
2865,nkishudak
2866,umwotulookin
2867,jkennedy-93056
2868,cdiaz0718
2869,krroshan-72005
2870,ugo-64930
2871,casey-tilley
2872,TheUnholyPeanut
2873,tsroque
2874,kcyqbtzn
2875,VictorAlbertoSantamaria
2876,travispetrillo
2877,benjamintheauthor
2878,kharr-02138
2879,sulakevinicius
2880,colinvernon303
2881,vikki-26225
2882,ciberredes1
2883,syldt1
2884,BrandonLycett
2885,warryor-47311
2886,om-34
2887,zopi97
2888,jhartjh-79858
2889,kelallentn
2890,tristan_erwin
2891,kakangirwan
2892,seige-hound
2893,piercedtat
2894,Slimpaigeyy
2895,Yee_Reviews
2896,caleb-03325
2897,lingaraju48
2898,xshanex-54161
2899,Vimukthi7
2900,BracelotiV
2901,directortim2012
2902,syd9907
2903,cydills-85158
2904,rafajack-56549
2905,btl-86388
2906,jesse-anderson247
2907,luvulife23
2908,caramia2002
2909,LProductions-837-667666
2910,mary-10170
2911,damiano_daniel
2912,tacomamma1973
2913,twittkamp
2914,mohamedbeckham23
2915,deeporter29
2916,abelwashington
2917,AgeOfAquarius
2918,goldenlampshade
2919,Bachfeuer
2920,lightly-19-1312
2921,christinachapman-57564
2922,tieyellis
2923,filmjim999
2924,freespirit-34127
2925,tb4now
2926,kimberleescott
2927,tygarr13
2928,Quinoa_Chris_Kirk
2929,jhannahcowboybebop
2930,imbarrand
2931,jaibranch-53526
2932,abih-40449
2933,lordoflightrhollor
2934,Juju_bee53
2935,derrick_fields
2936,ingamazonaite
2937,wolfcooky
2938,queenbosslaydee
2939,jaye50-1
2940,obrienigm
2941,nave-25931
2942,adog2001
2943,bobbiekostos
2944,aidanratesmovies
2945,brantleylane
2946,blueoysterdvp
2947,T2TLED
2948,scarpenter-21079
2949,juanitam-72582
2950,lynndivine
2951,JimW1958
2952,buckeyefanohiostate
2953,delunahome
2954,lindanunn-19567
2955,jaimehberrio66
2956,VideoConnoisseur
2957,jmstm
2958,er5234
2959,mdelorca-215-158258
2960,aalreetmarra
2961,evanston_dad
2962,howardkoor
2963,suebennettparkin
2964,Giss_Golabetoon
2965,annette-pulliam
2966,kaseykeys
2967,jillsemail-02363
2968,yo-soysolo
2969,valstone52
2970,jacobson-edward
2971,jondallaslawyer
2972,marinadarmaros
2973,madanmarwah
2974,claddagh72
2975,johnkuhnlein-66053
2976,joeynos
2977,lanell-24-456153
2978,mgalagher
2979,sweetcypress777
2980,mdrichardson728
2981,Osibob
2982,ydelle-95674
2983,alioncaci
2984,robnero
2985,jackbaumel
2986,devinderbonding
2987,bahram-movahed
2988,martin-lynch-713-581715
2989,tulsi-das-khan
2990,solminafya
2991,dctr666
2992,mark-76536
2993,rochfordsimon
2994,jaimegonzales210
2995,bombersflyup
2996,binayiisabar
2997,nick-watson
2998,KCbikerBabe
2999,housearrestedever
3000,throwaway50000
3001,bsrms
3002,fraser-simons
3003,anandajithsnair
3004,kipper-12
3005,hockeygirl-06448
3006,jakubtraining
3007,ollivernick
3008,whitetowel-74786
3009,junk-08680
3010,hayward-robin
3011,vicentep-43650
3012,joedkat
3013,javierbaron2008
3014,hond-92064
3015,goody-42341
3016,andrejurado-1
3017,elwardani-60125
3018,videogamenews
3019,razor8
3020,vlad-150
3021,sheilablueskies
3022,photowexford
3023,rockguru-80997
3024,shenamere
3025,chi_town_fed
3026,alon-dar1
3027,Roddickq
3028,RadenTaruna
3029,Ibra2409
3030,kamalbeeee
3031,ortegaksv
3032,ashishtrade
3033,paulokalibbala
3034,stellafoster
3035,kumarorrakesh247
3036,nonsensefans
3037,enkhturd-30891
3038,davish_wulf-1
3039,hootiebanger
3040,damo4
3041,miguelitos
3042,lenpicott
3043,ebookgamer
3044,tictic
3045,cafeosh
3046,jpcdee
3047,jasiegirl
3048,daviddunn-90653
3049,brendastks
3050,larrydelacruzph
3051,profun77
3052,nonamealloweddammit
3053,andradacalinescu
3054,alainfranzolini
3055,chelseasierra
3056,kdogg-64613
3057,jeromhartmann
3058,Kagrbe79
3059,lizxypopcornkid
3060,ShanC22
3061,scottapril-55891
3062,kindofperson
3063,wisewebwoman
3064,James-MN
3065,lokeyoce
3066,sareed1971
3067,jasammarijo
3068,fidemehu
3069,negero-earrings-suv
3070,fugavemu
3071,hjan-drumpf
3072,jotajeme
3073,james-hak
3074,jujunabeel
3075,xihirolu
3076,dean-901-579106
3077,christopherbirk-ny
3078,michellepitiris
3079,john-hadewig
3080,flexdamon
3081,Honeyforddave113
3082,javawocky-27135
3083,krzysiektom
3084,fauconniersam
3085,dth-78499
3086,brucebigelow-10873
3087,perkinscm
3088,bobrien-28283
3089,bebydiva13
3090,james-vRA
3091,bogharik
3092,threetwoindiamafia
3093,gymoantwerpen
3094,arthur-rabago
3095,stephaniecox
3096,sbwords
3097,kaankaracaylinew
3098,godard65-2
3099,dbernhardt-77921
3100,julia-gliz
3101,hryorule
3102,sandalphonmk
3103,sjo-15
3104,phoenixyk1
3105,ydudxrdp
3106,joshaw-jas
3107,shannon-95685
3108,karinahatem
3109,kaleb-sommers
3110,janesarkasian
3111,keer-toye-koss
3112,adityamanage
3113,Elie-A
3114,rickraftus
3115,yawkeymama
3116,charlotteweb-43346
3117,babe_au
3118,socallla
3119,lisafordeay
3120,jiggles-50181
3121,jan_lovefool
3122,amiralamoutian
3123,oydk
3124,hafeznargesi
3125,simaltongo
3126,patrickftw
3127,the_number-evil_d
3128,dasdian
3129,galeenerj
3130,nkaka8
3131,saintango
3132,jonnyzem
3133,stestritch
3134,me_lucky_dude
3135,mfitzpatrick-15703
3136,harmony_of_the_void
3137,wang-01639
3138,starliteyes27
3139,juls-marie
3140,carlhannan-18311
3141,jlmoore-30380
3142,sandycochrane-97758
3143,jonathan-foutz
3144,angrymx
3145,secollins75
3146,kyleplatinum
3147,cportf
3148,bballfreak43
3149,steve_berberich
3150,alex-16879
3151,thosh2020
3152,chicart-14503
3153,t_queen911
3154,davidmwakefield
3155,stephjno
3156,jkiselosky
3157,rchevalier-37303
3158,purelyfortumblr
3159,peterjruben
3160,mynros
3161,hames-jamsa
3162,daniel-stuart-192-100340
3163,josephsunil
3164,nakpro76
3165,almakucanin
3166,bob-the-movie-man
3167,tovarishchshevchenko
3168,beckett_ivy
3169,marijapetrovicfr
3170,sebastianir
3171,cdleon-24118
3172,refidel
3173,neptunesblood
3174,b-90596
3175,KOOLAIDBRO
3176,fdaughte
3177,gtenalokes
3178,pridgeondesigngroup
3179,thevaleyard-23312
3180,neoclone07
3181,swordsnare
3182,crookednose-05517
3183,fthomas-23110
3184,dfedikinapuss
3185,martyk007-653-916385
3186,confidential-67897
3187,prashantmannur
3188,zitasashia
3189,karrijunttila
3190,dan-953-743328
3191,gkhege
3192,stanghow14
3193,hayjohn
3194,gabore9-428-222670
3195,rngkr
3196,costaonline
3197,neil_davison-354-77074
3198,dxraven
3199,mwhatmore
3200,palewook2006
3201,Fitzy14
3202,andygk1980
3203,P_Grave
3204,ra-carreirosantana
3205,abdulaziznaji
3206,philipenglish
3207,kathyrosebullen
3208,creature-74385
3209,lambaru
3210,ludocalvetti
3211,nealriley
3212,mehmetseferms
3213,ezdell
3214,jamielaurenarkin
3215,catazztrophic
3216,pgill-36540
3217,loubnaelmkaouar
3218,kwestie
3219,Chrispearce2
3220,furnacefuneral
3221,aidoyaboiyt
3222,patrick-45740
3223,jameswexline
3224,bio_enrico
3225,michael_brown-860-200371
3226,mrjabz
3227,leonzone
3228,harshihmgoa
3229,aidanrutland
3230,michelledepesa
3231,nohats121
3232,alalessi-77128
3233,ShriArunKumar
3234,yquny
3235,sasham-86608
3236,joel-01952
3237,P_ter61
3238,hanoucha1488
3239,rdoanderson
3240,jasonandleung
3241,pook1-1
3242,elboertjie
3243,akaslammin
3244,zsoltfekete-82111
3245,shanewhite-16705
3246,tyesonbebee
3247,berserkmadness
3248,agk-76846
3249,johantedin
3250,paul_dales
3251,morga3
3252,asalimi
3253,jameso8-1
3254,cleopold-23129
3255,olliepereh
3256,rodrigowinifera
3257,vagtea
3258,amhajri
3259,EpimetheusA1
3260,cpclemens
3261,mnlbeta
3262,pauq-26729
3263,jcsimpson-66292
3264,leontij-fedorkov
3265,stuartgoulter
3266,popakion
3267,Portaltech78
3268,john-hagel-ab
3269,lyonrap-26472
3270,kristijankolega
3271,facesofine
3272,fabiohenrique
3273,theripper_uk15
3274,shortyj-30156
3275,fernandakpsabino1
3276,mikey-242-435767
3277,kathy-16728
3278,mdellyd
3279,emja-05297
3280,lawrenceberry-68223
3281,girstis
3282,efd-10467
3283,cityofsn
3284,orvarfridriksson
3285,spencerdawg-96969
3286,Peachesnkream11
3287,westjack-55284
3288,jgviloria152
3289,israelrpd
3290,slatonmeyer
3291,alyson-lowrie
3292,ryanmckie
3293,davet-15275
3294,inkoksikate
3295,keketxxx
3296,oscarkontio
3297,bruceandquentin
3298,marlat-1112
3299,ycohen-65989
3300,gayeshepherd
3301,svadwi
3302,tcsaba_ike
3303,lusciousmuffins
3304,titanslife_6
3305,contact-490-851655
3306,juliendussault
3307,vadim-berman
3308,cdcantante-31959
3309,gstarrocks-25757
3310,hankjandrell
3311,kristipherwilson
3312,kimbpaul
3313,missive-01210
3314,scartownlady15
3315,privategalender
3316,mcal1973
3317,aleksey-c
3318,southpaw_redneck
3319,manTOman
3320,don-13204
3321,aheaven2005
3322,ramin_sf
3323,samara-330
3324,morninmuffin
3325,shormel-87266
3326,zombieandrei
3327,marmalademarmalade
3328,fabeena-07300
3329,glenn_is
3330,flybynight-96722
3331,arthurwalker
3332,ranganathmk
3333,mateoastudillo
3334,a_mobbs
3335,andrecastro-67488
3336,simonasmith-47719
3337,alien_invasor_05
3338,robbreggs
3339,robertomgcruz
3340,AziziOthmanMY
3341,chrisoriley
3342,aryndar-622-43750
3343,donovanbroad
3344,Danj-Schutz
3345,tkpnqjs
3346,til-09501
3347,mike_NY
3348,marcuscoltro
3349,blackgold356
3350,lucamarx-52367
3351,hearishunter
3352,rhfunbox
3353,rnbrxqtb
3354,fifike
3355,toratlegrimen
3356,ejl2179
3357,jkqfigsw
3358,namob-43673
3359,miskocervo
3360,NavyOrion
3361,coolcarlos-94054
3362,ashleyrt
3363,stehartley
3364,luckymom-35168
3365,kelfo
3366,broadheadalex
3367,capricorn40
3368,joceppi85-577-232504
3369,karamarika
3370,Jocafeli
3371,praneethjm-13636
3372,mark-940-577944
3373,brdp-71263
3374,benjaminvenable
3375,Waedliman
3376,joeygvlahakis
3377,natskywalker
3378,williamkelly-12810
3379,hoangquandn
3380,terminalsofa
3381,shadowfyr62
3382,clubcoco
3383,allysorensens
3384,imdb-42424
3385,lilgtsvee
3386,gosayla
3387,guy-01933
3388,SEeeeeeeeeee
3389,weightycarlos
3390,srirambms
3391,mlombardo-02108
3392,jrhysnewton
3393,botwright_99
3394,helenahandbasket-93734
3395,fishwhisperer-31845
3396,rodrigoalegriahurtado
3397,midnightmosesuk
3398,fernbrodie1111
3399,Fiercesome_Fool
3400,brandy1179
3401,davidmatl
3402,koris-guy
3403,daffymjb
3404,parkerfulk
3405,ircpoliceman
3406,VHS-King
3407,hanafi-65171
3408,bpow05
3409,MovieGuardian
3410,gshetbb
3411,imu1212
3412,j-antosiak
3413,mandyjwebb
3414,fweathergal
3415,swift-66046
3416,rosemaryheller
3417,sevenjetc
3418,danielscbaker
3419,wild-dog36
3420,fgurgone
3421,damientattersall
3422,pabhc
3423,brunovanael
3424,steveobooth
3425,marcelrieks
3426,martin_roulstone
3427,ghibliowl
3428,tstandish210
3429,lindsduffers
3430,hecklndecalr
3431,biskwitsbaby
3432,brentarmour-446-399487
3433,donumdei
3434,joshg-97934
3435,meghanndotta-120-574630
3436,denvertts
3437,ryschlossberg
3438,dlsaltzberg
3439,jessicafl-24297
3440,jenniferhildebrandt
3441,crpobrien
3442,brian-1257
3443,michelec-93774
3444,brainwerx-1
3445,grimm-21014
3446,ezicat
3447,IQ_WINEHUT_MCMXCI
3448,lpallanza
3449,amayaspams
3450,iwatchibinge
3451,johnlau618
3452,philhemstock-11782
3453,andismyth
3454,fandanne-766-133657
3455,martinyoungb
3456,danielshang
3457,ashwinvachu
3458,jwalenczyk
3459,nevoheiro
3460,reagansteyn
3461,hannahjbiggs
3462,eriksheedlo
3463,waldysportes
3464,pedro281980
3465,Demidicus
3466,nickspooner
3467,khanirawlingsk
3468,malcolmwrites
3469,philldr8
3470,andjones-55655
3471,mariuuu87
3472,ben-mckimm
3473,michael-561-692892
3474,metaldj
3475,katebez-06770
3476,danieljonsson-01058
3477,dlmcfarland2-2
3478,veryprivateswag
3479,tallebrandi3
3480,nadimf-39142
3481,carterdodds
3482,ladygreyheart
3483,jgoodgion-51858
3484,thanosbarg
3485,jmiguel77
3486,lee-a-taylor
3487,dmclean1989
3488,goodalan-82191
3489,backura
3490,cielmercy
3491,fcharette1969
3492,mdubya-71216
3493,noirink-12054
3494,DrCCat
3495,feistywench
3496,jesspas
3497,oluwababatunmise
3498,nourzir
3499,black_mamba6669
3500,GiveMeANameX
3501,pwptvb
3502,cherylcummings-59089
3503,graham-575
3504,ebbzillasenpai
3505,bjayarajah
3506,mmieritz-09162
3507,kaldi_xi
3508,diescobarmdq
3509,ioannisvgl
3510,strindbergman
3511,daniel-07206
3512,Amuch1nA
3513,chandrabhanusolanki
3514,Eggoreluckadman
3515,isabours92
3516,cgvsluis
3517,Anne-0016
3518,ktweitzman
3519,grgiadsmith
3520,Pinebutt
3521,pedrochagasmaciel
3522,michelleeichu
3523,bincysara-60188
3524,iliana2
3525,ritikasanthosh
3526,hilly-97876
3527,Zaid_Khoury
3528,katrinaysabelr
3529,criticspider
3530,jordyntsmith
3531,guglemyphone-12626
3532,sherinsyril
3533,anilkroglu
3534,notmoviemasterreviewer
3535,nchareonsup
3536,jerricastanley
3537,windermere-76743
3538,jannahjoy
3539,maiengel-83071
3540,L-dems
3541,elliemccaig-71898
3542,melodyso
3543,stevebutler-05126
3544,berrydrops
3545,asyrian1
3546,mkalsu
3547,vincentlynch-moonoi
3548,jujjhu
3549,Jackieeeee93
3550,erlelmlauknes
3551,lesless
3552,michael-missy
3553,Sonnenblume63
3554,lkswiss
3555,DR_ADAWG
3556,katerates
3557,gabijastankute18
3558,JonathanTch
3559,joey357-282-301486
3560,caljusray
3561,emanragab-64636
3562,aimtrain1021
3563,hydszqkt
3564,yascamarques
3565,mariamastrakouli
3566,dattapujari
3567,mikayakatnt
3568,dthokchom-13962
3569,tanaytamhankar
3570,evabeyerpaulsen
3571,DrewDeLand
3572,zoesfeir
3573,saman_aizaz
3574,jasonmelbornesphys
3575,debbiebertelhe
3576,katiequeenoftennessee
3577,evagreen-106
3578,single_in_in
3579,rahilaslambasha
3580,atomasmoreno
3581,nasamykel
3582,niapineda
3583,simomone
3584,Tulip88
3585,anabeatrizribeiro
3586,safirahu
3587,davidadesegun
3588,phellipemiranda
3589,kaseyw729
3590,skpn123
3591,ajaynkumar
3592,queenthingzz
3593,prabhumehta
3594,markusshahn
3595,rikakiah-68522
3596,demoxpert
3597,ebaker-63744
3598,lrm-33361
3599,rncxwnxm
3600,mparam-00226
3601,feyipuk
3602,kcp1062
3603,teaston_21
3604,d.e.katz
3605,IMDbCPT
3606,diegomedina-25315
3607,dmcgrew-78662
3608,goldandblackx
3609,theface-04700
3610,Arjanz
3611,World-viewer
3612,spellerwix
3613,jmhwesternusa
3614,chippysmyth
3615,pnxwjcft
3616,ferrariohh
3617,rhodeosc
3618,Vamp21
3619,LionsLord
3620,lfc357
3621,LiquorList
3622,nathan-purling
3623,eoneal-63743
3624,mikejesus
3625,wick27
3626,sharmaggn
3627,brianford-96175
3628,richard-huff
3629,Donnie_Quixotic
3630,deadbolt-94820
3631,rhunter-60521
3632,tspike911
3633,laestrada34
3634,kgqgcqbqcb
3635,averymor
3636,deutero-49703
3637,twhiting9275
3638,andrewjmichaels
3639,cstewart-24155
3640,Ken_ZomgWtfBbq
3641,arc-67711
3642,stuartr734
3643,captain786
3644,maxlambert-35050
3645,garycraze
3646,diegocomin
3647,russcobleigh
3648,maceman-09453
3649,rocky37-40472
3650,mikbanerjee1
3651,briandickie-39038
3652,Carl_Osborn
3653,maggiorefantasma
3654,djdiabolikal
3655,nm169
3656,vinniereillybr
3657,ashkapoor74-45-915112
3658,us218991
3659,ekundayobayo
3660,tryan-98978
3661,erossgt
3662,djayme7
3663,msquillace3
3664,mp_usmc_srt
3665,abass-02958
3666,govindpappu
3667,jjsemple
3668,grahamstephencross
3669,agreatphoneplan
3670,aifleming
3671,davidianbarr
3672,hardikb-43768
3673,gregrpetersen
3674,jcov-78799
3675,jdgan
3676,pauldeg-37971
3677,gsamosuk-64586
3678,carlstacey-47984
3679,don-cairns
3680,busaman
3681,jakeberry-87501
3682,t_kam
3683,nader-anissi
3684,mcaseypa
3685,rdrqzpt
3686,Narce
3687,pipo-
3688,rexford-13588
3689,mjhzzz
3690,garycn-41901
3691,metroplexdj
3692,i-cusick
3693,btrimble-57267
3694,AnnieCassy
3695,mike-5-496723
3696,robandrhonda-11595
3697,peter-598-981830
3698,davekelly533
3699,dallorens426
3700,riccardo-nurcis
3701,texaskelt-18634
3702,keithdustindesigns
3703,gonzofaratro
3704,mayo-81803
3705,ckhan25
3706,crimepaysra
3707,jakebrann
3708,joe-englade
3709,ben-70244
3710,daddygracenyc
3711,mr-mobi
3712,jessicabailey68
3713,jmbrown8595
3714,catherine_odonnell
3715,vickichisam
3716,dinodiggers-23906
3717,senseiepu
3718,gbarrow-14295
3719,johnnyshake54
3720,michaeldsmith-63708
3721,imgreatme
3722,Flickerater
3723,deguilbret-15563
3724,drjgardner
3725,ista44
3726,christopherpaulvincent
3727,gjnyqq
3728,johnfraser-35612
3729,smithkale
3730,acpwebreg
3731,johnpoplawski
3732,asmithee23
3733,balancosmin-60513
3734,dband-72988
3735,mauro_ca
3736,therealjaysmoke
3737,connorhoskings
3738,ginger_northener
3739,butch-bradburn
3740,dave-perrego
3741,akshayt0444
3742,harleyshovelhead
3743,marcdandrews
3744,jesley13-1
3745,elton_bedford
3746,CryptoGuy
3747,john-allen2
3748,peterDM-30380
3749,nldrn50
3750,rockeye02
3751,whyohmean
3752,bradandon
3753,jamesrtaylorpe
3754,myhometownmorristowntn
3755,hollingsheadgreg
3756,aoneil-82751
3757,katstephens32
3758,jrshirley-23413
3759,jake-65629
3760,rangerlee-03539
3761,faithless4734
3762,j_tmay
3763,dtfloyd
3764,wqytgvqg
3765,jfzettler
3766,keneds
3767,guy-riza
3768,runcss
3769,sgt-steiner-476-58277
3770,eric-limbacher
3771,w-vogt
3772,docbennettstid
3773,3fittyz
3774,martin-10-581218
3775,lumiakinmurele
3776,kevinmacmurray
3777,wheelerteia
3778,hedrummond
3779,jvance24
3780,skydog-309-428979
3781,brotherbosco
3782,RobTortureWright
3783,sachin-13747
3784,Summitdm
3785,TheGreatExorcist
3786,angelidomini
3787,hkapofu
3788,jujutsuweasel
3789,MattViglas
3790,saintlad-82868
3791,pob2471011
3792,silvermichael
3793,ro-kunz
3794,drpizzi2501
3795,dbinder-99910
3796,tddiscodriver
3797,junaidagwan
3798,Arik_P
3799,jiafeigio
3800,MikeWindgren
3801,gamblemark-77487
3802,cfn-70951
3803,jpaulley-82235
3804,nateashby-31828
3805,svkndv
3806,useranonymous-00865
3807,ragnarflokithor
3808,tynez-08000
3809,thebert-29966
3810,soules-04336
3811,axelseth
3812,lewisv3919
3813,me-44446
3814,mirkovic-2
3815,cornallyp
3816,metalmilitia-69790
3817,reldoc
3818,Michele7169
3819,camillejohnson-86354
3820,danushkabm
3821,sysokolinski
3822,willisron
3823,nizami73
3824,mrtewills
3825,c_oetken
3826,fletchof
3827,sfichif-1
3828,rlmarsh-84178
3829,robertlsmithjr
3830,justinwilson81
3831,dabs-46815
3832,joeljasonh
3833,tmpcustoms
3834,topmoto-97990
3835,aidan_24_99
3836,oma888
3837,boydpeters
3838,johneke-mcnally
3839,mertesjeff
3840,thatleoguy
3841,andysfundrive
3842,cbao-17074
3843,gunabalashekar
3844,sharco-29009
3845,jimbill-62590
3846,garrettjkubiak
3847,johngoeggel
3848,marvelimagedc
3849,corejohn-03896
3850,sergedalhuysen
3851,morgan-77857
3852,dorseybl
3853,jbarker-61719
3854,silascriss
3855,gvkbtjjpkt
3856,iangoga
3857,wpbrighten
3858,ehhnycail
3859,werbedreck
3860,roach21
3861,pwalters-43899
3862,billspicer
3863,onor_snakes
3864,kardev-39030
3865,davidsonbruce85
3866,pallikas
3867,grahamowaine
3868,awl45
3869,sciencecrook-10080
3870,qnpjvscnw
3871,johnson-clay
3872,jjwightman
3873,matconrob1976
3874,jakefrost828
3875,ar-83976
3876,ydedbhn
3877,codefool
3878,Cborg2505
3879,deafatheist
3880,durgedriven
3881,bravo92
3882,swordmccloud
3883,deepinc
3884,vaughndlv
3885,christianholden-65203
3886,parapolis-1
3887,mosborne62
3888,gungho-2
3889,waynecaldwell
3890,nurqam
3891,slam163
3892,stuboldy
3893,davesandri
3894,barrypedophilly
3895,nathandoherty4
3896,abebacada
3897,jtighe-44630
3898,Krmcdonald
3899,mryan-90160
3900,wickedwookie7
3901,ghostsm
3902,kdoc13
3903,bobzzy
3904,Whiskkiz
3905,elcrouser
3906,ilicnebojsa-63228
3907,sgoudge
3908,agogoodman
3909,brianmackey-28675
3910,calorne
3911,komangmurdita
3912,bubbleheadseabee
3913,ryan-sweeney11
3914,tjbrill
3915,noely71
3916,indiar-09803
3917,andyny-18817
3918,rudygerst
3919,thokocnamangale
3920,cooperpaulj
3921,coowarrich
3922,groundzeroxx
3923,nakrugt
3924,copjdo
3925,wgeddings
3926,kgreene-955-929538
3927,kylereddy-85699
3928,mdkirby1969
3929,jonnygf40
3930,umrebel
3931,licoflorian
3932,mr_sharma
3933,troy66
3934,guidodezeeuw
3935,cereyese
3936,richterphotography
3937,cafard429
3938,ranekiran-93581
3939,admin-69008
3940,olbviper57
3941,daviddiepusc-92269
3942,oneeyedpauly
3943,elliottjames-45176
3944,qaz-15237
3945,clive-flight
3946,garsonmark
3947,wmarrion
3948,Chief270
3949,karlgarz
3950,Harry_Wild
3951,nickg696
3952,deepc185
3953,Enemy_
3954,kaka-65842
3955,dvalovich
3956,dfrates
3957,malafleur1
3958,Sicballs
3959,lokeshreddy-54852
3960,caterinaw
3961,Charlie76
3962,diegoschreibvogel
3963,robert-alexander-617-384312
3964,nijell
3965,qkgsrhdx
3966,dangerousground-274-208413
3967,zaclinmac-59256
3968,xxxNomadicxxx
3969,brandonyount
3970,cosmovagabond
3971,teachmstr
3972,andrewjubinville
3973,monicaponder
3974,asafshafrir
3975,lorendickens-11392
3976,soraskyracer
3977,ddouillette-26635
3978,eirik_naevdal
3979,pcalhoon
3980,adamjdale-89706
3981,mjlinderer
3982,don5292
3983,Taylibra
3984,elliotj-17849
3985,joe-87226
3986,ryancdog
3987,jeremyhall-50995
3988,xsa1973
3989,jhornsby912
3990,henrik-wilhelmsson-674-13070
3991,Rimontreal
3992,gabven
3993,greenr-272-825797
3994,redwingsme
3995,leethomas74
3996,sultan_2008
3997,shonharris
3998,ntnewsome
3999,majid-zz111
4000,vilkas-64017
4001,nathanjflynn
4002,jaynzsarah-561-359737
4003,allstarrunner
4004,emildandrea
4005,I_should_be_reading_a_book
4006,scottforester-63929
4007,sumitojsingh-56721
4008,cyberdud707
4009,robin-l-bateman
4010,Camo-75
4011,eriksrichters
4012,matthewgrossman-57200
4013,shielpark
4014,brbwire-01324
4015,cloudwalker327
4016,rrhaines
4017,bsims-40452
4018,aidoconnolly
4019,paloma54
4020,davekabodi
4021,sapper-42558
4022,donniebaker-11488
4023,marvin-brown99
4024,richardwalmsley
4025,labeatkryeziu
4026,TankerToad
4027,rsandak-307-178881
4028,tpsrcxrw
4029,cjtol-30475
4030,robb_everett
4031,rapgomes
4032,phillipsjcolin
4033,blazer230
4034,david_cusack
4035,manknew
4036,craigmellor-39475
4037,andy3891
4038,wwwdrarunvarghese
4039,gregbialowas
4040,garyh2
4041,MIDDLEMYATT
4042,mprankard
4043,pettterganzarain
4044,jdgtc1
4045,sithbunny
4046,Tommetfactory28
4047,rpriceireland
4048,joshua_w_flory
4049,alexskimel-78517
4050,csowl-26882
4051,vsaris227
4052,d-ljackson-854-390311
4053,yandards
4054,jah2669
4055,gsexton-04895
4056,cammojo6-130-231778
4057,mroberts46
4058,ejkamau
4059,blackknight-51234
4060,jkczigzag
4061,paulfitzpa
4062,pcampionz
4063,georgepmarques
4064,ericstbone
4065,rosannemilliken
4066,jimronpeterson
4067,ianmichel-39514
4068,paul-charlton-1
4069,philipj980
4070,rugby1922
4071,mpulliam4-720-306978
4072,halfxbreed23
4073,yooniverse
4074,tronmaster
4075,pete-collin
4076,Sounds_Shadey
4077,DaSpider
4078,kristoferthompson
4079,HorrorVision
4080,johnmento
4081,bforbrett
4082,scrabo39-143-16850
4083,blinkwood
4084,aisyamara
4085,carsontuscany
4086,matleahyk
4087,christiancarden
4088,gshakespear
4089,idmisto
4090,GCBicki
4091,Mayki1402
4092,neoarsenal
4093,ahmedai-26395
4094,dmikov
4095,pierrebarberis
4096,jmatthewphipps
4097,athadu
4098,justinnewin
4099,genata-307-295555
4100,cukruss
4101,ruud-je
4102,vidarc
4103,bgendruwo
4104,bz423
4105,radernick
4106,generalgutters
4107,bobanlukic80-422-789320
4108,mrofficial34
4109,chintones-72269
4110,gaarauzumaki_992
4111,kamen-kunchev
4112,rghampson
4113,toubibvet
4114,Prismark10
4115,omahmoud-72425
4116,mykjohnson
4117,brian-752-17491
4118,Couch_Ryder
4119,lantanuat
4120,neonx-89506
4121,adamw332
4122,billolliver-33063
4123,drumflowrecords
4124,tbthewayiam
4125,FixedYourEnding
4126,antoniokodemo89
4127,Jigsjigz
4128,grangeheights
4129,ben_read
4130,lsdmachine
4131,junior-70571
4132,grabboid-44815
4133,carolsparks-43587
4134,aleg_z
4135,philnaisbitt
4136,Max6640
4137,IKnowGoodFilms
4138,jennifer-19201
4139,Brooklynsmagicmike
4140,sundowner8-2
4141,hirbohuka
4142,battlebuckships
4143,dantharpe
4144,mmoriarty
4145,joebenton3
4146,black_dodo_b
4147,Jouford
4148,sakini
4149,jgalvez2002
4150,futuristicmikec
4151,drasm-11-304214
4152,bw-80179
4153,guyleclerc
4154,psatkar
4155,amadosama
4156,ahua_keren
4157,marcoasleitao-905-480753
4158,myrthegreven
4159,Ckn48
4160,newbs777-114-58755
4161,scottjo63-644-593619
4162,wotnotb
4163,mjsreg
4164,louishoward-63498
4165,netdcon
4166,dietrich_cleijne
4167,royoshikawa
4168,komputec
4169,kaideneve
4170,mvezok
4171,nincubura
4172,kiraatuncito
4173,mikehole
4174,bwc-maneke
4175,amycarender
4176,theobcosta
4177,tombrady-75500
4178,vgrenich
4179,karelynnb
4180,pwolf-900-528634
4181,stephleerson
4182,jeffereysanders-587-845541
4183,chinemeremukaegbu
4184,Scott_L_Flowers
4185,the-ogster
4186,markindy-27025
4187,evigmae
4188,julian-640-544058
4189,ramfat
4190,ricaelamae
4191,denkyiwhite
4192,garystride
4193,adrianenkegaard
4194,sucraf
4195,chrisrclunie
4196,nrhudson
4197,sme3
4198,marineprincess
4199,april_tsardakas
4200,taylorhayzlett
4201,rickandmorty-37406
4202,kgborrell-34146
4203,xNecRosex
4204,vishalsingh6475
4205,MarkAnder_
4206,dave-2951
4207,solomodex
4208,rjford@usa.net
4209,warlockuk
4210,urenakelvin
4211,jahvelledionte
4212,waggelaar
4213,mejaflora
4214,sinischism
4215,apo_cello
4216,crossx77-1
4217,christianfagrell
4218,jg_fitnessforlife
4219,booksinthebreakroom
4220,cdejongh-93103
4221,killmonday
4222,Hajo77
4223,richxau
4224,brijcorns-948-111883
4225,marshall-lambert
4226,drnursekellyann
4227,jupiterscreen
4228,karen-89-977839
4229,taylorvan-00726
4230,unwhosearmy
4231,info-90847
4232,rahat-1017060
4233,ed-503-465183
4234,bobric1110
4235,musicman-46257
4236,mvahidalizadeh
4237,soul-626-343500
4238,maxheera
4239,WalkdenEntertainment
4240,tnovak-86787
4241,godosenteksist
4242,calvinharrisq
4243,gkukumakov
4244,mourmouka
4245,martgym
4246,BRamsey1776
4247,matthewmatt-18606
4248,MrSpark
4249,grey-29536
4250,akira-hideyo
4251,john_constantine
4252,tnraijwzfu
4253,superenigmatix
4254,sebbohlmann
4255,arcfonix
4256,doanviettrung
4257,vovers1
4258,CommandoPenguins
4259,perpinias
4260,MrMcArony
4261,smartypantsz
4262,markthomassintek
4263,bigBang8
4264,nioakeim
4265,valentin_sieben
4266,infolkwell
4267,hugor
4268,ricardomartins_thesecond
4269,corleysd
4270,antony-69
4271,yanev-valio
4272,briangtr-24764
4273,moatazmounir-20464
4274,jakommo-33222
4275,STEVE24BUS
4276,drmujahidali
4277,bhinesmail
4278,ravencorinncarluk
4279,aymenlord
4280,daymonperry
4281,jarojas-78750
4282,Dark_Lord_Mark
4283,durh4
4284,bradaviel
4285,arjuun-30058
4286,ashleyfsimon
4287,fayeistooldforthis
4288,aldridgetim
4289,nikogrguric
4290,plharper-42029
4291,phildeesnow
4292,minawi5252
4293,jayboogie1001
4294,LawrenceOfAlabama
4295,rpbarnstormer
4296,jacobwarren-97372
4297,lbeast-36683
4298,scorpio_bplo
4299,lovelyhannie
4300,daz-payne
4301,johan-pa-persson
4302,carlobath
4303,dmaumau-45354
4304,missraziel
4305,rrmin437-216-104044
4306,fletchy-57354
4307,alinagoldenmeer
4308,walteriandolo
4309,paul_obe
4310,contegolibertas-40221
4311,ajcharding
4312,mgtrock
4313,shybana
4314,eggrolljr
4315,On_The_Mark
4316,vangsourtz
4317,dridgett-452-699045
4318,dp-amit
4319,nick-84812
4320,angela-dannhardt
4321,hanseichenlaub
4322,BeerLover_
4323,gailygurl
4324,jon_pratt12345
4325,pooppoop104
4326,rchosen-193-5535
4327,kreinhold-74393
4328,tvalstar99
4329,hassankasem
4330,homekb-84333
4331,haunt_freak
4332,IndecentLouie
4333,eduardobaker
4334,orzachar
4335,pierresadouet-117
4336,clarkaskentas
4337,jfgibson73
4338,suciulucian-97811
4339,johnnyflashesq
4340,salvatorermemoli
4341,bluefacepurple
4342,spencerhurley
4343,ryagod
4344,hkpolarbear
4345,quidabish
4346,rteslow-66272
4347,stsinger
4348,ryan-44110
4349,jrugg19
4350,marco-14168
4351,rcaballero-78131
4352,jamhough
4353,jjays92
4354,kaerosessed
4355,ReliableReview
4356,ekali-39562
4357,inurazub
4358,EvilDead6218
4359,I_Ailurophile
4360,shawn_hall
4361,dawnofthedaleks
4362,jacobcichy
4363,christopheroglesby
4364,clarkmick33
4365,leonshikto
4366,jchapman-27657
4367,mahardy-28686
4368,irosenerii
4369,billygawt
4370,TwistedContent
4371,cyguration
4372,dudabrz-26443
4373,hurleyr-08273
4374,narcannonman
4375,qcyrugknps
4376,TeenVamp
4377,miakhk
4378,tomlin-96710
4379,kire-76162
4380,steph_clare
4381,tcslink
4382,worldrockzk
4383,fleshpixie
4384,lucasluiz-95008
4385,colchestershaun
4386,Steve-Works
4387,brannanboston
4388,Krose777
4389,rossstrong-53086
4390,randomtrp
4391,justmark-26912
4392,seanferguson-90669
4393,paranarna
4394,olddaniel
4395,sikkwolf
4396,danceman-41776
4397,btnstr
4398,solidsnake192003
4399,rasmusolafsson
4400,jacobsantosthrone
4401,benjermun
4402,dustinkalhar
4403,stefanantonie
4404,f_brd
4405,lukem-52760
4406,sflanagan-47676
4407,tannerms-08064
4408,zeki-4
4409,ldebremaeker
4410,dmbelafan
4411,kim-toronto
4412,beer-belly-brian
4413,cogatlin
4414,sduncan15
4415,james-30210
4416,stephen-nico
4417,jared-tx
4418,moana-ara
4419,hoarei-56760
4420,john-helig
4421,keztem
4422,jamesdsajds
4423,bigg_g
4424,wi-pack
4425,leila-horo
4426,frankwittke-15794
4427,CC38
4428,noradavey
4429,gary-cbti
4430,nils_rue
4431,kim-erp-vp
4432,jaimemedina-36288
4433,james-info-reviews
4434,aguero-imdb
4435,steventonge
4436,paul-wife-taker
4437,jehan-hossain
4438,bjsaint-34582
4439,brian-in-80210
4440,msskrads
4441,the_real_smile
4442,kuzaceto-kaan
4443,Melius
4444,jayg_58
4445,faerysoff
4446,jamal-salen
4447,mahnoor96
4448,axnjxn1701
4449,thibault-lagoutte
4450,roger-b-i
4451,IMDb-insider
4452,qck1
4453,stevebarley
4454,jothamleeyishu
4455,bin-shashom-stein
4456,aidan-36288
4457,bash7200
4458,rerguk
4459,rickgartshore
4460,marcusclestrade
4461,kingsyyell
4462,kulkarnianiket-02165
4463,rajitecture
4464,gobillybatson
4465,stuart-slutzman
4466,richardjshaw
4467,carrion-of-conservatives
4468,swatibajaj-01570
4469,christianamicucci
4470,chooper-32740
4471,mjpoehler
4472,GetTheNak
4473,NarniaIsAwesome
4474,lindazenitha
4475,arnkp
4476,serban_danciu
4477,muhammadzubair-43993
4478,magnetron-51383
4479,levi-94129
4480,christian-loki
4481,meathookcinema
4482,krazysoon
4483,mahmoudehoussem
4484,nzm_chy
4485,holt-rocks
4486,sedtnksfq
4487,Jdb2021
4488,miguelmaal
4489,mirzasarmad-84188
4490,raj-45331
4491,toddpchilds
4492,aaronka-16580
4493,cesarsosay
4494,sitegeisha
4495,roloarenas
4496,cedibagu
4497,dupregalaxy
4498,graves-scott
4499,emilygevaerts
4500,Darkweasel
4501,sabine-krahl
4502,movieman_kev
4503,Hmrsmpsn
4504,CuriosityKilledShawn
4505,Smells_Like_Cheese
4506,chrisbanach-1
4507,HumanoidOfFlesh
4508,dmuel
4509,PoisonKeyblade
4510,mr_pivac1985
4511,goofy-marick
4512,sykopaf-1
4513,subxerogravity
4514,poolandrews
4515,ElijahCSkuggs
4516,brislev
4517,gravediggerjak
4518,causeiwantto2001
4519,godzilladom
4520,Fernando-Rodrigues
4521,A_Probably_Postman
4522,sharron177
4523,gavin6942
4524,BloodyEyeBall
4525,AngryMovieNerd
4526,ndlogik
4527,dejan8378
4528,merleegirl5
4529,yugioh-reextinctionfan
4530,IzzyNoya
4531,springsunnywinter
4532,Icy_Nostradamus
4533,michaelRokeefe
4534,GirishGowda
4535,groovymike_16
4536,justind-5
4537,hu675
4538,stuarttrueson
4539,sithrobin
4540,alternate-dan
4541,mattressman_pdl
4542,careybrandon-41144
4543,kluseba
4544,rarepeperonis
4545,loomis78-815-989034
4546,acidburn-10
4547,lastliberal-853-253708
4548,ConnorMonteith
4549,ksaluzzo
4550,movieman89-2
4551,film_maniac2500
4552,laraibkhan-29129
4553,Sci-FiHorrorFan
4554,iansmom99
4555,Gefafwisp
4556,obistrike
4557,disdressed12
4558,WadeVC-1
4559,gregsrants
4560,prolelol
4561,eric_ccj77
4562,adamscastlevania2
4563,nathaniel22-25-349001
4564,boris_kolarov
4565,xhayleecx
4566,ian_bell
4567,atinder
4568,kyleallen_9
4569,dschmeding
4570,gavintaylor50
4571,Danny_G13
4572,cjvelasquez
4573,hello_goodbye_01
4574,jhpstrydom
4575,dustinhunter707
4576,damianphelps
4577,scorbett315-66-982904
4578,matt_zxy
4579,bvd-13918
4580,robertemerald
4581,robfollower
4582,TheLittleSongbird
4583,MoviesReviews101
4584,arlum_meow
4585,lewiskendell
4586,Samiam3
4587,KineticSeoul
4588,ctomvelu1
4589,SHARP-21
4590,Sam_Movie_Buff
4591,jaseness
4592,The_Void
4593,pugheaven
4594,Score_The_Film
4595,scobbah
4596,raypdaley182
4597,JoeB131
4598,ianmutimer
4599,dannylennon1981
4600,user-18091
4601,ofumalow
4602,saptesh786
4603,kirsi_pelto
4604,christinamarinho
4605,LoneWolfAndCub
4606,lastliberal
4607,eddax
4608,vampyrecowboy
4609,abbo450
4610,mothergeorge
4611,Andy20789
4612,horrorforpresident
4613,sabenge
4614,MairegChernet
4615,Abztraakt
4616,Cemetarygirl
4617,georgedunc
4618,noxaeternus
4619,Scarecrow-88
4620,mazu_
4621,andricperez197
4622,kannibalcorpsegrinder
4623,davidhall81
4624,magic-tone
4625,kairingler
4626,insomniac_rod
4627,danibanez
4628,nickilancaster
4629,moviewizguy
4630,Kzbd
4631,TheMovieDoctorful
4632,jacobjohntaylor1
4633,baileygiannini
4634,Lambysalamby
4635,zombie316
4636,krycek19
4637,Coventry
4638,geovannymcb
4639,gactech
4640,markovd111
4641,blackshooter-63065
4642,morganchalsie-42673
4643,sauravjoshi85
4644,lorcan-61881
4645,SyoKennex
4646,Leofwine_draca
4647,joshuatkinson73
4648,roastedpeanuts-110-333323
4649,bloodbeast-786-771289
4650,tequila101
4651,happyendingrocks
4652,howellgirl2011
4653,Boba_Fett1138
4654,dusan-22
4655,rajon07
4656,eloybeugelink
4657,muhammadtalha-70365
4658,deeformecreep
4659,jasmeetgaba77
4660,aminussh
4661,delpierokavinda
4662,amzadhossain-67539
4663,adreesuddin
4664,theghostwhowalks-39050
4665,jozsef-13295
4666,mrsgatorbranch1217
4667,fmkc1
4668,alshaherahmad
4669,cjosty
4670,asishnpatel
4671,Pyro_Pizza
4672,rrwhite_rikimaru
4673,rtbradford
4674,suryajijvania
4675,shishirkmr-82243
4676,moizsyed-07601
4677,samun_shrestha
4678,mmuradali-65680
